Algorithm: DBSCAN
Timestamp: 1
Points: [(2.02, 1.91, 1.86), (1.99, 2.07, 1.8), (2.05, 2.01, 2.27), (1.99, 1.89, 2.47), (1.51, 2.3, 2.19), (1.74, 2.3, 2.08), (1.92, 1.73, 2.13), (1.84, 1.67, 1.9), (1.9, 2.03, 1.95), (2.31, 2.19, 1.95), (1.79, 2.31, 2.19), (2.68, 2.08, 2.4), (2.13, 2.04, 1.61), (2.19, 1.81, 1.86), (2.0, 1.95, 1.6), (1.82, 2.25, 2.16), (2.19, 2.06, 2.16), (2.07, 1.97, 2.28), (1.95, 1.82, 2.29), (2.32, 1.62, 2.15), (1.5, 2.28, 1.76), (2.21, 1.86, 2.07), (1.67, 1.95, 1.98), (2.25, 2.47, 2.14), (2.09, 1.76, 1.64), (2.06, 2.05, 2.14), (2.19, 2.11, 1.62), (2.24, 1.99, 1.75), (1.91, 1.67, 1.91), (2.2, 1.93, 1.78), (1.95, 2.13, 1.65), (1.76, 2.05, 1.68), (2.5, 1.98, 1.76), (1.81, 1.9, 1.85), (1.49, 2.33, 1.99), (2.01, 2.22, 1.73), (1.82, 2.13, 1.98), (2.1, 2.0, 1.93), (2.37, 2.28, 1.37), (2.38, 2.56, 2.3), (1.96, 1.84, 2.17), (1.86, 2.11, 1.99), (2.32, 1.92, 1.88), (2.11, 2.5, 2.01), (1.91, 2.23, 2.17), (1.78, 1.88, 2.27), (2.12, 1.4, 2.11), (2.25, 1.81, 2.16), (2.48, 2.12, 1.83), (1.88, 2.02, 2.09), (2.03, 2.14, 1.95), (2.06, 2.26, 1.73), (2.04, 2.04, 2.22), (1.96, 2.18, 2.27), (1.55, 2.31, 1.75), (1.74, 1.3, 1.79), (6.5, 6.79, 6.83), (6.79, 9.21, 6.89), (5.82, 0.14, 3.41), (2.19, 1.94, 10.68)]
Labels: [0, 0, 0, 0, 0, 0, 0, 0, 0, 0, 0, -1, 0, 0, 0, 0, 0, 0, 0, 0, 0, 0, 0, 0, 0, 0, 0, 0, 0, 0, 0, 0, 0, 0, 0, 0, 0, 0, 0, 0, 0, 0, 0, 0, 0, 0, 0, 0, 0, 0, 0, 0, 0, 0, 0, 0, -1, -1, -1, -1]
Stats: total_clusters=1, target_cluster_size=55, smallest_cluster_size=55, outliers=5, changed_cluster_points=0

Timestamp: 2
Points: [(2.27, 1.6, 1.92), (8.07, 8.19, 7.97), (8.07, 8.67, 8.48), (7.68, 7.86, 7.98), (7.44, 7.63, 7.53), (7.62, 8.45, 7.76), (7.66, 8.3, 7.88), (8.09, 7.82, 7.47), (8.11, 7.57, 7.86), (7.75, 8.1, 7.85), (7.93, 7.57, 8.61), (7.61, 8.4, 8.06), (8.01, 8.14, 7.45), (8.26, 7.88, 8.38), (7.92, 7.92, 7.63), (7.74, 8.16, 7.62), (7.37, 7.78, 8.26), (8.5, 7.83, 7.55), (7.87, 8.09, 8.19), (8.61, 8.1, 8.51), (7.83, 8.06, 7.83), (7.76, 7.96, 7.93), (7.79, 7.87, 8.34), (8.6, 7.89, 7.92), (8.13, 8.99, 8.04), (8.26, 8.5, 8.12), (8.25, 8.22, 8.32), (7.66, 8.1, 8.16), (8.11, 8.38, 8.15), (7.62, 8.21, 7.75), (7.76, 7.91, 7.98), (7.5, 8.37, 7.67), (8.44, 7.7, 8.4), (7.96, 7.52, 7.7), (8.37, 8.17, 7.99), (7.3, 8.45, 8.57), (8.47, 7.85, 8.13), (8.12, 7.58, 8.07), (8.29, 8.27, 7.68), (3.68, 3.52, 3.56), (3.68, -0.82, 9.87), (0.12, 2.87, 10.41)]
Labels: [-1, 0, 0, 0, -1, 0, 0, 0, 0, 0, 0, 0, 0, 0, 0, 0, 0, 0, 0, 0, 0, 0, 0, 0, -1, 0, 0, 0, 0, 0, 0, 0, 0, 0, 0, -1, 0, 0, 0, -1, -1, -1]
Stats: total_clusters=1, target_cluster_size=35, smallest_cluster_size=35, outliers=7, changed_cluster_points=37

Timestamp: 3
Points: [(2.21, 2.51, 2.07), (2.07, 2.08, 1.9), (2.34, 1.93, 1.63), (1.65, 2.07, 2.23), (2.11, 1.98, 2.08), (2.1, 2.26, 2.3), (1.81, 1.47, 1.88), (1.79, 2.26, 1.78), (1.58, 1.91, 1.59), (2.45, 2.17, 2.13), (2.18, 2.27, 2.25), (1.91, 1.7, 1.75), (2.04, 1.41, 2.25), (1.57, 2.21, 1.92), (2.12, 1.94, 2.02), (1.93, 1.92, 1.74), (2.43, 2.15, 2.02), (1.83, 2.0, 1.72), (1.93, 1.75, 2.36), (7.73, 7.8, 7.63), (7.73, 7.91, 8.01), (7.77, 7.58, 7.57), (8.16, 8.02, 8.22), (8.19, 8.11, 7.66), (8.02, 8.48, 7.89), (8.06, 8.06, 8.44), (7.76, 8.41, 7.91), (7.75, 8.09, 8.13), (8.53, 8.16, 8.08), (8.44, 8.24, 7.83), (8.37, 7.84, 7.83), (7.7, 7.78, 8.13), (7.88, 7.02, 7.95), (7.8, 8.33, 7.86), (8.72, 8.48, 7.91), (8.3, 8.22, 8.1), (8.2, 8.08, 8.1), (8.21, 8.68, 8.1), (7.82, 7.45, 8.61), (7.88, 8.22, 8.6), (8.03, 8.0, 8.45), (8.1, 8.24, 7.57), (8.32, 8.17, 7.61), (8.1, 7.44, 8.73), (7.63, 8.54, 7.78), (8.13, 7.79, 8.32), (7.89, 8.2, 8.03), (6.7, 6.82, 6.65), (3.39, 5.1, 7.29), (-0.48, 8.65, 6.54), (0.02, 9.54, 10.07), (-0.22, 2.38, 8.69)]
Labels: [0, 0, 0, 0, 0, 0, 0, 0, 0, 0, 0, 0, 0, 0, 0, 0, 0, 0, 0, 1, 1, -1, 1, 1, 1, 1, 1, 1, 1, 1, 1, 1, -1, 1, 1, 1, 1, 1, -1, 1, 1, 1, 1, -1, 1, 1, 1, -1, -1, -1, -1, -1]
Stats: total_clusters=2, target_cluster_size=24, smallest_cluster_size=19, outliers=9, changed_cluster_points=47

Timestamp: 4
Points: [(1.82, 1.99, 2.18), (1.85, 2.03, 1.76), (2.21, 2.38, 2.01), (2.09, 1.86, 1.78), (1.77, 1.54, 1.86), (1.99, 2.63, 2.34), (2.21, 2.6, 2.3), (1.57, 2.35, 2.13), (2.0, 1.73, 2.1), (1.55, 2.08, 1.8), (1.75, 2.38, 1.94), (2.11, 2.31, 1.95), (2.18, 2.29, 2.1), (2.14, 2.53, 2.26), (2.05, 1.85, 2.11), (2.12, 2.51, 2.2), (2.26, 2.09, 1.74), (2.02, 2.2, 1.52), (2.38, 2.6, 1.47), (1.72, 2.14, 1.81), (2.13, 2.06, 1.7), (2.39, 2.2, 1.81), (2.44, 1.96, 1.64), (2.11, 2.17, 2.09), (2.24, 2.21, 2.07), (1.92, 1.91, 2.14), (2.13, 2.29, 1.53), (1.94, 2.56, 2.09), (2.14, 2.26, 2.51), (2.57, 1.69, 1.65), (1.66, 1.9, 1.97), (2.13, 1.7, 1.49), (1.88, 2.31, 2.23), (2.49, 2.07, 2.16), (2.32, 1.96, 2.05), (2.23, 1.85, 2.36), (2.06, 2.1, 1.72), (1.87, 1.53, 1.97), (2.69, 1.83, 2.7), (2.42, 1.96, 1.96), (2.03, 2.51, 2.08), (2.36, 2.17, 1.93), (2.15, 1.98, 1.59), (2.27, 1.71, 1.89), (1.96, 2.24, 2.35), (2.37, 2.25, 1.8), (2.02, 2.0, 1.84), (1.97, 1.97, 1.84), (2.31, 1.82, 1.77), (7.47, 8.49, 7.8), (8.01, 7.89, 7.76), (5.45, 10.11, 3.14), (3.19, 7.92, 4.42), (1.73, 4.51, 0.66)]
Labels: [0, 0, 0, 0, 0, 0, 0, 0, 0, 0, 0, 0, 0, 0, 0, 0, 0, 0, 0, 0, 0, 0, 0, 0, 0, 0, 0, 0, 0, 0, 0, 0, 0, 0, 0, 0, 0, 0, -1, 0, 0, 0, 0, 0, 0, 0, 0, 0, 0, -1, -1, -1, -1, -1]
Stats: total_clusters=1, target_cluster_size=48, smallest_cluster_size=48, outliers=6, changed_cluster_points=4

Timestamp: 5
Points: [(1.9, 2.26, 1.91), (2.13, 2.73, 1.66), (2.44, 1.42, 1.42), (1.78, 1.79, 1.99), (2.17, 2.02, 1.9), (2.23, 2.3, 1.61), (2.0, 2.07, 2.06), (1.9, 2.07, 1.95), (1.92, 1.91, 1.96), (2.06, 2.21, 1.68), (2.01, 2.03, 2.14), (1.86, 2.15, 2.0), (2.5, 1.84, 1.77), (1.86, 1.67, 2.38), (1.78, 1.88, 2.27), (1.65, 2.28, 1.59), (2.4, 1.55, 1.5), (1.96, 2.33, 1.93), (2.01, 2.42, 2.48), (2.26, 1.93, 1.83), (1.77, 2.11, 1.53), (2.23, 2.59, 2.12), (1.98, 2.22, 2.34), (2.49, 1.84, 2.07), (2.05, 2.29, 2.04), (1.5, 2.0, 1.99), (1.73, 2.23, 1.56), (1.89, 2.42, 1.72), (2.24, 1.65, 2.46), (2.02, 2.11, 1.98), (2.25, 1.71, 1.94), (1.93, 1.67, 2.19), (2.01, 2.15, 1.98), (2.01, 2.58, 1.93), (1.7, 1.99, 2.06), (2.23, 1.82, 2.17), (1.65, 2.37, 1.61), (2.04, 2.35, 1.97), (2.3, 2.24, 2.26), (2.36, 1.97, 2.1), (1.71, 2.07, 2.14), (7.97, 8.22, 7.99), (8.27, 8.06, 7.91), (8.19, 7.66, 8.2), (4.91, 5.13, 4.57), (5.87, 8.73, 5.46), (6.92, 7.94, 5.24)]
Labels: [0, 0, -1, 0, 0, 0, 0, 0, 0, 0, 0, 0, 0, 0, 0, 0, 0, 0, 0, 0, 0, 0, 0, 0, 0, 0, 0, 0, 0, 0, 0, 0, 0, 0, 0, 0, 0, 0, 0, 0, 0, -1, -1, -1, -1, -1, -1]
Stats: total_clusters=1, target_cluster_size=40, smallest_cluster_size=40, outliers=7, changed_cluster_points=1

Timestamp: 6
Points: [(1.73, 1.64, 1.85), (2.22, 2.29, 1.53), (2.27, 2.04, 1.7), (1.94, 2.3, 1.99), (2.12, 2.16, 2.16), (2.08, 2.11, 2.21), (2.02, 2.26, 1.8), (2.0, 2.07, 2.05), (2.41, 2.12, 1.55), (2.26, 2.71, 1.95), (1.68, 2.14, 1.92), (2.09, 2.34, 2.27), (2.28, 2.07, 2.2), (1.73, 1.92, 1.77), (2.1, 2.23, 1.87), (1.88, 2.34, 1.86), (2.13, 2.24, 1.93), (2.12, 2.36, 1.96), (2.32, 2.24, 2.43), (2.21, 2.26, 2.2), (2.12, 1.94, 1.8), (1.99, 1.86, 2.0), (1.95, 2.15, 1.88), (2.1, 2.24, 1.79), (2.27, 2.49, 2.01), (1.91, 1.95, 1.86), (1.96, 1.85, 1.96), (2.05, 2.15, 2.22), (2.05, 1.8, 1.82), (2.3, 2.27, 2.05), (1.95, 2.29, 2.17), (1.93, 2.09, 2.43), (1.92, 1.67, 2.27), (2.39, 1.99, 1.89), (1.8, 2.12, 2.21), (1.97, 2.32, 2.04), (2.25, 1.98, 1.83), (1.65, 1.96, 2.21), (1.87, 1.91, 2.08), (2.21, 2.27, 1.63), (2.75, 1.8, 1.96), (2.07, 1.8, 1.83), (2.11, 1.94, 2.16), (7.65, 7.7, 7.42), (0.59, 7.33, 4.14), (1.48, 5.0, -0.3)]
Labels: [0, 0, 0, 0, 0, 0, 0, 0, 0, 0, 0, 0, 0, 0, 0, 0, 0, 0, 0, 0, 0, 0, 0, 0, 0, 0, 0, 0, 0, 0, 0, 0, 0, 0, 0, 0, 0, 0, 0, 0, 0, 0, 0, -1, -1, -1]
Stats: total_clusters=1, target_cluster_size=43, smallest_cluster_size=43, outliers=3, changed_cluster_points=1

Timestamp: 7
Points: [(2.0, 2.11, 1.77), (2.06, 2.01, 2.51), (2.12, 2.25, 2.36), (1.91, 2.12, 1.85), (2.11, 2.07, 1.73), (2.18, 1.85, 2.16), (2.28, 1.99, 1.8), (2.2, 1.91, 2.37), (2.22, 2.21, 2.08), (1.98, 2.39, 1.94), (2.36, 2.06, 2.24), (2.23, 2.66, 1.82), (2.18, 1.86, 1.78), (2.28, 2.4, 2.65), (2.1, 1.88, 2.1), (1.84, 2.26, 1.79), (2.18, 2.39, 1.89), (2.36, 2.33, 1.45), (1.9, 1.72, 2.41), (2.1, 2.56, 1.5), (1.98, 2.31, 1.96), (2.26, 1.8, 2.26), (2.32, 2.21, 1.74), (2.21, 2.04, 1.5), (2.11, 2.08, 2.18), (1.57, 2.17, 1.62), (8.01, 8.23, 8.05), (8.15, 7.75, 8.41), (7.7, 7.65, 8.0), (7.28, 8.2, 8.0), (8.28, 8.31, 7.66), (7.66, 8.28, 8.33), (8.28, 8.48, 8.05), (8.02, 8.51, 7.99), (8.02, 8.02, 7.91), (7.92, 7.91, 8.04), (7.6, 8.06, 8.21), (7.73, 8.12, 8.12), (8.05, 8.08, 8.4), (7.28, 9.0, 7.82), (8.03, 7.84, 8.27), (7.99, 7.92, 8.4), (7.86, 8.28, 7.8), (7.9, 8.72, 8.37), (8.0, 7.98, 8.1), (7.97, 8.25, 7.76), (7.01, 7.21, 7.28), (3.23, 1.03, 6.27), (2.88, 9.52, 11.0), (7.99, 0.2, 2.42)]
Labels: [0, 0, 0, 0, 0, 0, 0, 0, 0, 0, 0, 0, 0, 0, 0, 0, 0, 0, 0, 0, 0, 0, 0, 0, 0, 0, 1, 1, 1, 1, 1, 1, 1, 1, 1, 1, 1, 1, 1, -1, 1, 1, 1, 1, 1, 1, -1, -1, -1, -1]
Stats: total_clusters=2, target_cluster_size=26, smallest_cluster_size=19, outliers=5, changed_cluster_points=21

Timestamp: 8
Points: [(2.55, 1.92, 1.65), (1.61, 1.97, 1.57), (2.56, 2.38, 1.73), (2.71, 2.37, 1.82), (1.53, 2.7, 1.55), (1.74, 2.38, 2.51), (2.5, 2.27, 2.05), (2.36, 2.32, 1.97), (2.18, 2.11, 1.71), (2.08, 1.71, 1.88), (1.9, 1.85, 1.95), (2.5, 2.36, 1.51), (1.9, 2.36, 1.66), (2.09, 2.27, 1.66), (2.18, 1.8, 1.75), (2.23, 1.73, 2.01), (2.15, 2.27, 1.96), (2.49, 2.16, 1.79), (2.18, 2.26, 1.91), (2.16, 1.95, 1.74), (1.8, 2.57, 1.59), (1.98, 1.95, 2.13), (7.81, 8.51, 7.89), (7.98, 7.89, 8.74), (7.54, 8.23, 8.28), (8.02, 8.08, 8.05), (7.91, 8.09, 8.38), (8.56, 7.97, 7.68), (7.87, 8.91, 7.85), (8.39, 8.64, 7.93), (8.07, 8.63, 7.98), (7.84, 7.96, 7.79), (7.7, 7.77, 8.1), (7.67, 8.21, 7.63), (8.0, 8.39, 7.49), (8.01, 8.51, 7.73), (8.4, 8.26, 7.88), (7.88, 8.31, 8.12), (8.06, 7.86, 8.14), (7.48, 8.1, 7.82), (7.68, 8.51, 8.42), (8.08, 7.81, 8.0), (8.26, 8.18, 8.79), (8.02, 8.2, 8.0), (7.94, 8.09, 8.31), (8.19, 7.9, 7.69)]
Labels: [0, 0, 0, 0, -1, -1, 0, 0, 0, 0, 0, 0, 0, 0, 0, 0, 0, 0, 0, 0, 0, 0, 1, 1, 1, 1, 1, 1, 1, 1, 1, 1, 1, 1, 1, 1, 1, 1, 1, 1, 1, 1, -1, 1, 1, 1]
Stats: total_clusters=2, target_cluster_size=23, smallest_cluster_size=20, outliers=3, changed_cluster_points=3

Timestamp: 9
Points: [(2.18, 2.21, 1.98), (2.01, 2.39, 1.85), (1.99, 2.28, 1.67), (2.18, 2.14, 2.17), (2.29, 2.14, 2.1), (2.52, 2.28, 1.9), (1.85, 1.88, 1.82), (2.02, 2.1, 1.91), (8.03, 8.14, 8.24), (7.89, 7.57, 7.81), (7.83, 7.8, 8.27), (8.33, 8.53, 8.03), (8.32, 8.21, 7.99), (7.69, 8.07, 7.97), (7.93, 8.21, 8.09), (8.01, 8.52, 8.38), (7.43, 7.4, 8.37), (7.46, 8.1, 7.74), (7.33, 8.33, 8.32), (7.7, 7.39, 7.93), (7.99, 7.72, 8.15), (7.87, 8.34, 8.13), (7.58, 8.52, 8.04), (7.87, 7.88, 7.96), (7.61, 8.11, 8.6), (7.46, 7.68, 8.53), (7.81, 7.96, 8.4), (7.69, 8.71, 8.29), (7.73, 8.81, 7.91), (8.1, 8.25, 8.48), (8.34, 8.17, 7.86), (8.01, 7.96, 8.69), (7.92, 8.05, 8.15), (7.47, 7.87, 8.45), (7.68, 7.85, 8.25), (8.23, 8.38, 8.39), (7.65, 7.74, 8.54), (7.78, 8.09, 8.49), (8.04, 8.3, 8.74), (7.68, 8.44, 8.11), (7.95, 8.62, 8.24), (5.72, 5.72, 5.68), (5.61, 3.82, 0.89), (2.38, 10.3, 7.14), (4.98, -0.7, 11.0)]
Labels: [0, 0, 0, 0, 0, 0, 0, 0, 1, 1, 1, 1, 1, 1, 1, 1, 1, 1, 1, 1, 1, 1, 1, 1, 1, 1, 1, 1, 1, 1, 1, 1, 1, 1, 1, 1, 1, 1, 1, 1, 1, -1, -1, -1, -1]
Stats: total_clusters=2, target_cluster_size=33, smallest_cluster_size=8, outliers=4, changed_cluster_points=5

Timestamp: 10
Points: [(1.99, 2.04, 2.04), (2.5, 2.18, 1.97), (2.62, 2.23, 2.54), (2.33, 1.73, 2.08), (2.29, 2.49, 2.06), (7.82, 7.82, 8.04), (7.61, 8.02, 8.28), (8.36, 8.31, 7.75), (7.99, 8.55, 7.92), (7.82, 8.2, 7.87), (8.06, 8.16, 8.23), (7.59, 8.06, 8.32), (7.75, 8.71, 7.99), (7.93, 8.47, 7.68), (7.33, 7.73, 8.48), (7.7, 8.96, 7.94), (7.92, 8.65, 8.71), (8.48, 8.55, 8.41), (8.04, 8.43, 7.94), (7.62, 8.19, 8.05), (7.73, 8.4, 8.39), (7.89, 8.63, 7.76), (7.8, 7.98, 7.55), (7.84, 8.16, 8.56), (8.05, 7.88, 8.66), (8.23, 8.37, 8.04), (7.57, 8.08, 8.43), (8.43, 8.65, 7.96), (7.53, 8.23, 7.58), (7.96, 8.15, 7.97), (7.38, 8.35, 7.95), (7.51, 7.33, 8.1), (8.39, 8.69, 7.97), (7.68, 8.33, 7.81), (7.95, 8.42, 8.47), (7.83, 8.13, 7.84), (7.61, 8.12, 8.22), (8.14, 7.95, 8.55), (7.78, 8.19, 7.88), (7.13, 8.46, 8.33), (7.78, 8.21, 8.26), (7.39, 8.03, 8.34), (7.48, 8.28, 7.7), (8.0, 8.18, 7.62), (8.21, 7.97, 7.86), (7.92, 8.54, 7.8), (7.88, 8.32, 8.31), (7.91, 8.08, 7.86), (7.89, 7.87, 7.23), (7.99, 8.46, 7.4), (3.46, 3.82, 3.35), (0.5, 3.45, 10.84)]
Labels: [-1, -1, -1, -1, -1, 0, 0, 0, 0, 0, 0, 0, 0, 0, 0, 0, 0, 0, 0, 0, 0, 0, 0, 0, 0, 0, 0, 0, 0, 0, 0, -1, 0, 0, 0, 0, 0, 0, 0, 0, 0, 0, 0, 0, 0, 0, 0, 0, 0, 0, -1, -1]
Stats: total_clusters=1, target_cluster_size=44, smallest_cluster_size=44, outliers=8, changed_cluster_points=51

Timestamp: 11
Points: [(2.0, 2.22, 1.56), (1.99, 2.5, 1.77), (2.02, 1.65, 1.68), (2.17, 1.85, 1.82), (2.54, 2.01, 1.65), (1.94, 1.9, 2.02), (2.23, 2.43, 2.39), (1.76, 2.28, 1.6), (2.42, 2.12, 1.89), (1.9, 2.08, 1.91), (2.56, 1.99, 1.75), (2.46, 1.97, 2.17), (2.22, 2.26, 1.98), (2.07, 2.28, 1.69), (2.09, 2.33, 1.96), (2.2, 1.87, 1.63), (2.29, 2.37, 1.61), (2.01, 2.22, 1.91), (1.81, 2.23, 1.73), (2.63, 2.25, 1.99), (2.33, 1.88, 2.37), (1.81, 2.39, 2.04), (2.1, 2.35, 1.8), (2.05, 2.3, 1.63), (2.16, 2.04, 1.8), (2.33, 2.04, 1.84), (2.09, 2.55, 1.97), (2.27, 2.36, 1.73), (2.43, 2.27, 1.49), (7.41, 8.04, 7.72), (7.77, 7.91, 8.08), (8.27, 8.19, 8.02), (7.96, 8.0, 8.37), (7.99, 8.22, 8.16), (8.45, 8.49, 8.77), (8.0, 7.77, 8.03), (7.33, 8.37, 8.34), (7.58, 8.01, 8.16), (7.48, 7.83, 8.48), (7.88, 8.04, 7.6), (8.1, 8.0, 8.67), (8.1, 7.97, 7.9), (8.36, 8.18, 7.96), (7.85, 8.05, 8.18), (7.82, 8.47, 8.0), (4.58, 5.1, 4.84), (6.1, 7.63, 1.79), (5.17, 0.44, 3.59)]
Labels: [0, 0, 0, 0, 0, 0, 0, 0, 0, 0, 0, 0, 0, 0, 0, 0, 0, 0, 0, 0, 0, 0, 0, 0, 0, 0, 0, 0, 0, 1, 1, 1, 1, 1, -1, 1, 1, 1, 1, 1, 1, 1, 1, 1, 1, -1, -1, -1]
Stats: total_clusters=2, target_cluster_size=29, smallest_cluster_size=15, outliers=4, changed_cluster_points=45

Timestamp: 12
Points: [(1.61, 1.83, 2.44), (2.11, 1.58, 1.51), (2.86, 2.04, 2.16), (2.27, 2.09, 2.06), (1.64, 1.85, 1.75), (1.9, 2.07, 2.08), (2.27, 2.54, 1.92), (2.49, 2.19, 1.72), (2.61, 2.03, 1.96), (2.43, 2.42, 1.58), (2.5, 1.97, 2.07), (2.37, 2.42, 1.57), (2.39, 2.48, 1.92), (2.03, 2.44, 1.9), (1.82, 1.99, 1.74), (2.62, 2.54, 2.2), (2.3, 2.44, 1.59), (2.24, 2.32, 1.6), (2.29, 2.63, 2.01), (2.47, 1.6, 2.26), (2.19, 2.02, 1.83), (1.87, 2.47, 1.79), (2.05, 2.17, 2.15), (2.27, 1.86, 1.99), (2.01, 1.67, 2.24), (2.35, 2.19, 1.78), (2.59, 2.98, 1.98), (1.98, 2.17, 1.98), (1.65, 2.29, 1.98), (2.57, 2.52, 1.9), (2.62, 2.72, 1.88), (2.34, 1.77, 1.51), (2.03, 2.1, 1.6), (2.23, 2.11, 2.14), (2.12, 1.64, 1.9), (2.24, 2.0, 1.89), (1.97, 2.29, 2.53), (1.79, 2.08, 1.7), (2.13, 2.47, 2.01), (2.45, 2.22, 1.54), (1.96, 2.4, 1.91), (2.55, 2.28, 1.57), (2.11, 2.35, 2.05), (2.45, 1.95, 1.57), (7.77, 8.66, 7.91), (7.96, 8.36, 8.34), (8.33, 8.69, 7.94), (7.2, 8.02, 8.14), (3.76, 3.69, 3.59), (9.25, 6.28, 3.47), (2.55, 1.65, 8.2)]
Labels: [0, 0, 0, 0, 0, 0, 0, 0, 0, 0, 0, 0, 0, 0, 0, 0, 0, 0, 0, 0, 0, 0, 0, 0, 0, 0, 0, 0, 0, 0, 0, 0, 0, 0, 0, 0, 0, 0, 0, 0, 0, 0, 0, 0, -1, -1, -1, -1, -1, -1, -1]
Stats: total_clusters=1, target_cluster_size=44, smallest_cluster_size=44, outliers=7, changed_cluster_points=4

Timestamp: 13
Points: [(2.21, 2.82, 1.91), (2.75, 2.17, 2.1), (2.54, 2.13, 1.67), (2.55, 2.1, 1.64), (2.09, 2.1, 2.07), (2.39, 2.41, 1.96), (2.11, 2.41, 2.15), (2.41, 2.34, 1.67), (2.31, 2.03, 1.85), (1.85, 1.82, 1.81), (2.12, 2.26, 1.83), (2.27, 2.38, 1.74), (2.21, 2.6, 1.86), (2.22, 2.25, 1.82), (2.08, 1.98, 1.67), (2.48, 2.07, 1.82), (2.44, 2.16, 2.02), (1.88, 2.2, 1.88), (2.27, 1.82, 2.16), (2.05, 2.32, 1.86), (2.51, 2.78, 1.54), (2.1, 2.28, 1.58), (2.46, 2.44, 2.0), (2.32, 2.57, 1.57), (2.28, 2.05, 2.08), (1.8, 2.22, 1.94), (2.02, 2.08, 1.86), (2.5, 1.97, 1.64), (2.54, 2.16, 1.66), (2.44, 2.11, 2.12), (2.1, 2.19, 2.09), (2.2, 2.42, 1.84), (2.76, 2.62, 1.53), (2.39, 2.03, 1.91), (2.28, 1.97, 2.12), (2.31, 2.16, 1.75), (2.3, 2.33, 1.83), (6.97, 8.26, 7.7), (7.75, 7.83, 7.71), (8.19, 8.16, 8.01), (7.96, 8.14, 8.76), (7.73, 8.36, 8.42), (8.3, 8.03, 8.01), (8.2, 8.5, 8.45), (7.4, 8.72, 7.9), (7.87, 8.21, 7.87), (3.03, 3.33, 3.19)]
Labels: [0, 0, 0, 0, 0, 0, 0, 0, 0, 0, 0, 0, 0, 0, 0, 0, 0, 0, 0, 0, 0, 0, 0, 0, 0, 0, 0, 0, 0, 0, 0, 0, 0, 0, 0, 0, 0, -1, -1, -1, -1, -1, -1, -1, -1, -1, -1]
Stats: total_clusters=1, target_cluster_size=37, smallest_cluster_size=37, outliers=10, changed_cluster_points=0

Timestamp: 14
Points: [(2.22, 2.64, 1.63), (2.1, 2.06, 1.88), (1.9, 1.91, 1.78), (1.96, 1.95, 1.52), (7.55, 8.49, 8.43), (8.38, 8.84, 8.38), (8.11, 8.31, 8.3), (8.39, 8.38, 8.49), (7.53, 8.07, 8.24), (7.85, 8.09, 8.87), (7.86, 8.14, 8.19), (7.81, 8.33, 7.67), (8.19, 8.68, 8.58), (7.9, 8.47, 7.88), (8.06, 8.35, 8.01), (8.07, 8.54, 8.16), (7.94, 7.96, 8.52), (7.54, 8.06, 8.16), (8.14, 8.61, 8.14), (8.04, 7.76, 7.93), (7.6, 8.65, 8.34), (7.86, 8.36, 8.61), (7.75, 7.88, 8.47), (7.86, 8.56, 8.13), (7.55, 8.39, 8.15), (7.86, 8.76, 7.81), (7.89, 8.03, 7.37), (7.79, 8.28, 8.33), (7.74, 7.83, 7.9), (8.2, 8.02, 8.62), (8.12, 8.18, 7.93), (8.12, 8.2, 7.68), (7.97, 8.4, 8.49), (7.91, 8.11, 8.52), (8.22, 8.34, 8.16), (7.41, 8.09, 8.37), (7.64, 7.83, 9.19), (7.37, 8.95, 8.05), (7.78, 8.07, 8.38), (7.37, 7.72, 8.63), (7.56, 8.5, 7.82), (8.02, 8.78, 7.99), (7.23, 8.78, 8.42), (7.66, 8.21, 7.81), (8.23, 8.11, 7.72), (7.87, 8.01, 7.83), (6.61, 7.43, 7.3), (3.11, 7.59, 8.33), (6.83, 1.07, 9.62), (5.5, 2.65, 4.07)]
Labels: [-1, -1, -1, -1, 0, 0, 0, 0, 0, 0, 0, 0, 0, 0, 0, 0, 0, 0, 0, 0, 0, 0, 0, 0, 0, 0, 0, 0, 0, 0, 0, 0, 0, 0, 0, 0, 0, 0, 0, 0, 0, 0, 0, 0, 0, 0, -1, -1, -1, -1]
Stats: total_clusters=1, target_cluster_size=42, smallest_cluster_size=42, outliers=8, changed_cluster_points=46

Timestamp: 15
Points: [(2.05, 2.09, 2.13), (2.51, 2.21, 2.11), (2.04, 1.97, 2.05), (2.45, 2.16, 1.55), (2.67, 1.84, 1.68), (2.36, 2.72, 1.93), (2.43, 2.13, 1.97), (2.33, 1.88, 2.03), (2.55, 2.47, 1.84), (2.07, 1.7, 1.87), (2.58, 2.52, 2.03), (2.29, 2.54, 2.06), (2.2, 2.44, 1.7), (2.44, 1.95, 1.52), (2.57, 2.51, 1.99), (2.33, 1.67, 1.81), (2.42, 2.14, 1.65), (2.67, 2.26, 1.94), (2.5, 2.02, 1.88), (2.64, 2.73, 1.84), (2.25, 2.34, 1.89), (2.65, 2.02, 1.76), (2.03, 2.02, 1.92), (2.51, 2.11, 2.02), (2.58, 2.76, 1.85), (2.15, 2.02, 1.55), (2.62, 1.89, 2.13), (2.09, 2.1, 1.79), (2.13, 2.51, 2.28), (2.14, 2.16, 1.79), (2.44, 2.23, 2.18), (2.59, 1.98, 1.96), (2.69, 2.15, 1.76), (2.17, 2.15, 1.41), (1.97, 2.29, 2.21), (2.15, 2.11, 2.26), (2.03, 1.86, 1.62), (2.14, 1.84, 1.8), (2.54, 1.95, 1.85), (2.4, 2.25, 1.88), (2.36, 2.07, 2.2), (2.62, 2.57, 2.08), (1.91, 2.5, 1.99), (1.92, 2.22, 1.9), (2.72, 2.45, 1.61), (-0.6, 2.77, 0.35), (2.01, 5.02, 1.22)]
Labels: [0, 0, 0, 0, 0, 0, 0, 0, 0, 0, 0, 0, 0, 0, 0, 0, 0, 0, 0, 0, 0, 0, 0, 0, 0, 0, 0, 0, 0, 0, 0, 0, 0, 0, 0, 0, 0, 0, 0, 0, 0, 0, 0, 0, 0, -1, -1]
Stats: total_clusters=1, target_cluster_size=45, smallest_cluster_size=45, outliers=2, changed_cluster_points=45

Timestamp: 16
Points: [(2.13, 2.58, 1.9), (2.41, 2.3, 2.15), (2.4, 1.91, 2.12), (2.59, 2.44, 1.53), (2.09, 1.82, 1.93), (2.0, 1.86, 2.13), (2.53, 2.21, 1.78), (1.73, 2.52, 1.64), (2.42, 1.67, 2.06), (2.15, 1.95, 1.73), (2.19, 2.56, 1.71), (2.67, 2.37, 2.04), (2.33, 2.61, 1.53), (2.36, 2.19, 2.16), (2.71, 2.29, 1.49), (2.44, 1.87, 2.22), (2.22, 2.28, 1.64), (2.11, 2.47, 1.78), (2.34, 2.04, 2.03), (2.57, 2.24, 2.13), (2.31, 2.49, 1.41), (2.42, 2.22, 1.85), (2.36, 2.32, 1.97), (2.19, 2.43, 2.12), (1.98, 2.1, 1.63), (2.06, 2.17, 2.07), (2.7, 2.32, 1.73), (2.54, 1.7, 1.55), (1.75, 2.02, 1.62), (2.7, 1.6, 1.71), (2.49, 2.39, 2.18), (2.37, 2.38, 1.36), (2.09, 1.84, 1.96), (2.42, 2.37, 1.59), (2.09, 2.34, 1.65), (2.08, 2.16, 1.65), (2.12, 1.98, 1.93), (2.72, 2.28, 1.87), (2.47, 2.38, 1.6), (2.76, 2.1, 1.98), (2.47, 1.8, 1.73), (2.35, 2.32, 1.89), (2.52, 2.29, 1.9), (2.32, 2.04, 1.82), (2.52, 2.57, 1.95), (2.67, 2.4, 2.03), (2.57, 2.23, 2.0), (2.1, 2.38, 1.96), (2.6, 2.5, 2.08), (2.31, 2.2, 1.75), (2.4, 1.84, 2.15), (1.76, 2.2, -1.1), (1.79, 3.18, -1.09), (1.02, 0.54, -0.93), (2.21, 0.38, 3.27)]
Labels: [0, 0, 0, 0, 0, 0, 0, 0, 0, 0, 0, 0, 0, 0, 0, 0, 0, 0, 0, 0, 0, 0, 0, 0, 0, 0, 0, 0, 0, 0, 0, 0, 0, 0, 0, 0, 0, 0, 0, 0, 0, 0, 0, 0, 0, 0, 0, 0, 0, 0, 0, -1, -1, -1, -1]
Stats: total_clusters=1, target_cluster_size=51, smallest_cluster_size=51, outliers=4, changed_cluster_points=3

Timestamp: 17
Points: [(1.89, 2.46, 1.65), (2.06, 2.15, 1.76), (2.2, 1.76, 2.03), (2.67, 2.47, 1.52), (2.3, 2.31, 1.95), (2.52, 2.12, 1.83), (2.47, 2.67, 1.98), (2.55, 2.33, 2.16), (2.46, 2.09, 2.16), (2.53, 2.2, 1.69), (2.43, 2.42, 1.85), (2.43, 2.73, 2.07), (2.4, 2.54, 1.55), (2.45, 2.76, 1.75), (2.14, 2.14, 1.53), (2.16, 2.21, 1.45), (2.36, 2.53, 1.58), (2.73, 2.44, 2.06), (2.19, 2.52, 1.53), (2.58, 2.35, 1.94), (2.06, 2.08, 1.95), (2.12, 2.42, 1.46), (2.57, 2.0, 1.94), (2.51, 2.13, 1.95), (2.42, 2.17, 1.55), (1.86, 2.39, 1.41), (2.38, 2.24, 1.98), (2.28, 2.23, 1.99), (2.44, 2.39, 1.92), (1.97, 2.5, 1.96), (2.1, 2.25, 1.8), (2.32, 2.39, 2.16), (2.62, 1.98, 1.96), (2.69, 2.4, 2.08), (2.86, 2.56, 1.87), (2.62, 2.34, 1.81), (2.27, 2.7, 1.6), (2.74, 2.43, 1.46), (2.45, 1.78, 1.96), (2.58, 2.16, 1.84), (2.84, 2.18, 1.54), (2.72, 2.8, 1.81), (2.61, 2.64, 1.62), (2.23, 2.62, 2.23), (2.5, 2.09, 2.3), (2.22, 2.22, 1.89), (2.74, 2.52, 1.91), (2.47, 2.32, 1.94), (1.72, 2.23, 1.87), (2.07, 2.4, 1.75), (2.79, 2.7, 1.69), (2.32, 2.29, 1.69), (2.4, 2.12, 1.52), (2.51, 2.46, 1.6), (1.07, 4.12, 4.79), (-0.47, 4.69, 2.54), (5.19, 2.1, 3.89)]
Labels: [0, 0, 0, 0, 0, 0, 0, 0, 0, 0, 0, 0, 0, 0, 0, 0, 0, 0, 0, 0, 0, 0, 0, 0, 0, 0, 0, 0, 0, 0, 0, 0, 0, 0, 0, 0, 0, 0, 0, 0, 0, 0, 0, 0, 0, 0, 0, 0, 0, 0, 0, 0, 0, 0, -1, -1, -1]
Stats: total_clusters=1, target_cluster_size=54, smallest_cluster_size=54, outliers=3, changed_cluster_points=3

Timestamp: 18
Points: [(2.19, 2.15, 1.78), (2.68, 1.69, 1.69), (2.25, 2.01, 1.94), (2.02, 2.0, 2.01), (2.75, 2.3, 1.49), (2.2, 2.57, 1.82), (2.35, 2.4, 1.78), (2.76, 2.13, 1.58), (2.03, 2.19, 1.52), (2.43, 2.33, 1.52), (2.52, 2.7, 1.88), (1.74, 2.82, 1.98), (2.86, 2.59, 2.12), (2.42, 2.26, 1.89), (2.19, 2.43, 1.14), (2.38, 2.66, 1.82), (2.8, 2.26, 2.04), (2.15, 2.56, 1.85), (2.32, 1.68, 1.73), (2.43, 2.53, 2.18), (2.88, 2.63, 1.65), (2.3, 2.51, 1.92), (2.78, 2.94, 2.36), (2.75, 2.45, 2.13), (2.79, 2.28, 1.66), (2.18, 2.1, 1.45), (2.43, 2.07, 1.6), (2.55, 2.37, 1.9), (2.71, 2.54, 2.17), (2.39, 2.72, 1.88), (2.41, 2.69, 1.58), (2.88, 2.25, 1.49), (2.54, 2.23, 2.3), (2.26, 2.4, 1.44), (2.58, 2.13, 1.97), (2.26, 1.81, 1.83), (2.39, 2.54, 2.18), (2.85, 2.54, 1.86), (2.02, 2.37, 1.85), (2.32, 2.48, 2.07), (2.17, 2.11, 1.76), (2.22, 1.91, 1.55), (2.06, 2.62, 2.22), (2.1, 2.46, 2.01), (2.0, 2.36, 2.43), (2.54, 2.26, 1.65), (1.87, 2.44, 2.28), (2.17, 1.84, 1.63), (2.59, 2.21, 1.59), (2.38, 2.38, 1.45), (2.32, 2.2, 1.63), (2.12, 2.56, 1.63), (1.87, 2.39, 1.98), (2.17, 2.18, 1.63), (5.02, 4.03, 1.57), (4.56, 0.82, 3.1), (4.51, 1.46, 3.34)]
Labels: [0, 0, 0, 0, 0, 0, 0, 0, 0, 0, 0, 0, 0, 0, 0, 0, 0, 0, 0, 0, 0, 0, 0, 0, 0, 0, 0, 0, 0, 0, 0, 0, 0, 0, 0, 0, 0, 0, 0, 0, 0, 0, 0, 0, 0, 0, 0, 0, 0, 0, 0, 0, 0, 0, -1, -1, -1]
Stats: total_clusters=1, target_cluster_size=54, smallest_cluster_size=54, outliers=3, changed_cluster_points=0

Timestamp: 19
Points: [(2.7, 2.27, 1.87), (2.25, 1.88, 1.85), (1.91, 2.32, 1.44), (2.89, 2.56, 1.81), (2.71, 2.12, 1.92), (2.44, 2.4, 2.1), (2.57, 2.41, 1.37), (2.15, 2.3, 1.81), (2.11, 2.94, 2.16), (2.54, 2.35, 1.73), (2.15, 2.35, 1.85), (2.08, 2.42, 1.74), (1.91, 2.12, 1.68), (2.86, 2.47, 1.45), (2.51, 1.95, 2.05), (2.27, 2.31, 2.11), (2.07, 1.98, 1.64), (2.65, 1.95, 1.07), (2.28, 2.47, 2.08), (2.27, 2.23, 2.07), (1.92, 2.24, 1.83), (2.5, 2.21, 1.79), (1.77, 2.17, 1.9), (2.14, 2.35, 1.89), (2.3, 2.38, 1.54), (2.34, 2.49, 1.82), (2.24, 2.39, 1.96), (1.88, 2.62, 1.7), (2.5, 2.63, 1.44), (2.21, 2.26, 1.59), (2.82, 2.12, 1.64), (2.44, 2.03, 1.68), (2.47, 2.25, 1.76), (2.26, 1.95, 1.86), (2.83, 2.34, 1.84), (2.56, 2.02, 2.21), (2.44, 2.74, 1.6), (2.84, 2.53, 1.92), (2.45, 2.27, 2.08), (2.43, 1.84, 1.5), (4.88, 0.84, 3.85)]
Labels: [0, 0, 0, 0, 0, 0, 0, 0, -1, 0, 0, 0, 0, 0, 0, 0, 0, 0, 0, 0, 0, 0, 0, 0, 0, 0, 0, 0, 0, 0, 0, 0, 0, 0, 0, 0, 0, 0, 0, 0, -1]
Stats: total_clusters=1, target_cluster_size=39, smallest_cluster_size=39, outliers=2, changed_cluster_points=1

Timestamp: 20
Points: [(2.59, 2.08, 2.06), (2.22, 2.18, 1.83), (2.48, 2.08, 1.72), (2.77, 1.98, 2.13), (2.34, 1.76, 1.42), (2.16, 2.19, 1.74), (1.72, 2.4, 1.5), (2.75, 2.28, 2.0), (2.68, 2.62, 1.62), (2.26, 2.29, 1.92), (2.27, 2.32, 1.83), (2.17, 2.11, 1.72), (2.39, 2.46, 1.93), (2.13, 2.15, 1.52), (2.75, 2.32, 1.77), (2.41, 2.17, 2.15), (2.5, 2.36, 1.49), (2.11, 2.27, 1.59), (2.13, 2.26, 1.71), (2.44, 2.22, 1.51), (2.16, 2.65, 1.45), (2.49, 2.48, 1.73), (2.84, 2.47, 2.22), (2.24, 2.19, 1.9), (2.34, 2.77, 1.85), (2.14, 1.91, 1.74), (2.38, 2.43, 2.07), (2.67, 2.2, 1.44), (2.09, 2.16, 1.67), (2.48, 2.15, 1.83), (2.49, 2.38, 1.48), (2.52, 2.87, 1.83), (1.66, 2.66, 1.59), (2.97, 2.38, 1.34), (1.88, 2.73, 2.04), (2.96, 2.35, 1.75), (2.3, 2.18, 1.67), (2.45, 2.14, 1.35), (2.23, 2.3, -0.07), (3.31, 4.03, 3.51), (3.02, 2.42, -0.87), (1.13, -0.09, 4.55)]
Labels: [0, 0, 0, 0, 0, 0, 0, 0, 0, 0, 0, 0, 0, 0, 0, 0, 0, 0, 0, 0, 0, 0, 0, 0, 0, 0, 0, 0, 0, 0, 0, 0, 0, 0, 0, 0, 0, 0, -1, -1, -1, -1]
Stats: total_clusters=1, target_cluster_size=38, smallest_cluster_size=38, outliers=4, changed_cluster_points=4

Timestamp: 21
Points: [(2.76, 2.53, 1.82), (2.17, 2.15, 2.06), (2.62, 2.35, 1.65), (1.91, 2.09, 2.23), (2.1, 2.41, 2.0), (2.11, 2.41, 1.99), (2.42, 3.08, 1.33), (2.69, 2.32, 1.94), (2.53, 2.18, 1.81), (1.96, 2.51, 1.83), (2.58, 2.62, 1.84), (2.46, 2.14, 1.57), (2.72, 2.72, 1.69), (2.43, 2.13, 2.05), (2.59, 2.84, 1.53), (2.33, 2.42, 1.91), (2.37, 2.14, 1.97), (2.6, 2.13, 2.09), (2.71, 2.39, 1.77), (2.56, 2.14, 1.76), (1.88, 2.58, 1.36), (2.8, 2.28, 1.7), (2.26, 2.29, 2.11), (1.8, 2.68, 1.84), (2.12, 2.09, 2.17), (2.18, 2.07, 2.04), (2.51, 2.12, 1.81), (2.16, 2.63, 2.02), (2.55, 2.45, 2.19), (2.42, 2.06, 1.86), (2.94, 2.11, 1.66), (2.53, 2.35, 1.51), (2.7, 2.94, 1.8), (2.2, 1.97, 1.82), (2.7, 2.48, 1.75), (2.27, 2.09, 1.96), (2.65, 1.97, 2.15), (2.56, 2.71, 1.42), (2.08, 2.32, 1.88), (2.87, 2.54, 1.69), (2.16, 2.67, 1.51), (2.83, 2.29, 2.15), (2.59, 2.32, 1.62), (2.34, 2.47, 1.77), (2.27, 2.32, 1.77), (1.89, 2.47, 1.51), (5.41, 2.07, 0.88), (1.83, 0.05, 4.05), (1.91, 1.68, 2.71)]
Labels: [0, 0, 0, 0, 0, 0, 0, 0, 0, 0, 0, 0, 0, 0, 0, 0, 0, 0, 0, 0, 0, 0, 0, 0, 0, 0, 0, 0, 0, 0, 0, 0, 0, 0, 0, 0, 0, 0, 0, 0, 0, 0, 0, 0, 0, 0, -1, -1, -1]
Stats: total_clusters=1, target_cluster_size=46, smallest_cluster_size=46, outliers=3, changed_cluster_points=2

Timestamp: 22
Points: [(2.47, 2.13, 1.76), (2.34, 2.56, 1.86), (2.21, 2.4, 1.64), (2.19, 2.55, 1.71), (2.34, 2.16, 1.49), (2.94, 2.46, 1.47), (2.51, 2.64, 1.79), (2.78, 1.99, 1.25), (2.5, 2.44, 0.91), (2.28, 2.12, 1.4), (2.19, 2.52, 1.49), (2.19, 1.97, 2.06), (2.55, 1.75, 1.5), (2.57, 2.7, 1.95), (2.35, 1.89, 1.96), (2.36, 2.39, 1.7), (2.1, 2.47, 1.8), (2.33, 2.49, 1.4), (2.37, 2.38, 1.31), (2.42, 2.56, 1.67), (2.43, 2.52, 1.65), (2.36, 2.08, 1.74), (2.35, 2.5, 1.88), (2.64, 2.25, 1.2), (2.62, 2.48, 1.59), (2.58, 2.01, 2.0), (2.36, 2.17, 1.59), (2.38, 2.37, 1.76), (2.33, 2.42, 1.75), (2.28, 2.18, 1.9), (2.57, 2.39, 1.97), (1.95, 2.23, 1.45), (3.0, 2.55, 1.72), (2.63, 2.65, 2.02), (2.67, 2.31, 1.62), (2.2, 2.5, 1.7), (2.33, 2.26, 2.11), (2.68, 2.83, 1.88), (2.45, 2.37, 1.49), (2.12, 2.5, 1.51), (2.49, 2.65, 1.58), (2.94, 2.13, 1.99), (2.54, 2.67, 1.46), (3.02, 2.33, 1.91), (2.8, 2.22, 1.95), (2.25, 2.72, 1.55), (2.45, 2.45, 1.94), (2.2, 3.43, 2.46)]
Labels: [0, 0, 0, 0, 0, 0, 0, 0, 0, 0, 0, 0, 0, 0, 0, 0, 0, 0, 0, 0, 0, 0, 0, 0, 0, 0, 0, 0, 0, 0, 0, 0, 0, 0, 0, 0, 0, 0, 0, 0, 0, 0, 0, 0, 0, 0, 0, -1]
Stats: total_clusters=1, target_cluster_size=47, smallest_cluster_size=47, outliers=1, changed_cluster_points=1

Timestamp: 23
Points: [(2.93, 2.73, 1.43), (1.8, 2.26, 2.01), (2.03, 2.09, 1.79), (3.1, 2.05, 1.38), (2.54, 2.69, 1.57), (2.05, 2.5, 1.88), (2.9, 2.55, 1.93), (2.39, 3.0, 1.63), (2.31, 2.84, 1.36), (2.0, 2.42, 1.72), (2.4, 2.64, 1.5), (2.48, 2.3, 1.5), (2.44, 2.6, 2.26), (2.6, 1.76, 1.72), (2.47, 2.62, 1.77), (2.77, 2.49, 2.11), (2.35, 2.42, 1.93), (2.32, 2.19, 1.57), (2.27, 2.52, 1.27), (2.07, 2.85, 1.54), (2.51, 2.01, 1.75), (2.28, 2.0, 2.06), (2.76, 2.36, 1.98), (2.94, 2.58, 1.85), (2.51, 2.55, 1.63), (2.39, 2.5, 1.61), (2.37, 2.39, 2.01), (2.18, 2.58, 1.92), (2.66, 2.19, 1.3), (2.6, 2.43, 1.98), (2.28, 2.58, 1.99), (2.44, 2.49, 1.82), (2.25, 2.52, 2.13), (2.47, 2.02, 1.55), (2.01, 2.71, 1.92), (2.33, 2.03, 1.52), (2.3, 2.41, 1.74), (2.79, 2.21, 1.35), (2.17, 2.38, 1.54), (2.39, 2.27, 1.97), (2.31, 2.29, 1.9), (2.32, 2.49, 1.81), (2.49, 2.1, 2.03), (3.01, 2.39, 1.46), (2.47, 2.63, 1.57), (2.43, 2.47, 2.03), (2.65, 2.59, 1.62), (2.56, 2.21, 1.94), (2.75, 2.53, 1.63), (2.41, 2.84, 1.64), (2.72, 2.47, 1.64), (2.12, 2.44, 1.75), (2.91, 2.17, 2.3), (2.55, 2.48, 1.58), (4.49, 3.41, 2.91), (1.64, 4.66, 3.08), (0.14, 1.83, 4.04), (-0.26, 5.16, 2.8), (3.25, 1.01, 0.22), (5.11, 1.18, 3.38)]
Labels: [0, 0, 0, 0, 0, 0, 0, 0, 0, 0, 0, 0, 0, 0, 0, 0, 0, 0, 0, 0, 0, 0, 0, 0, 0, 0, 0, 0, 0, 0, 0, 0, 0, 0, 0, 0, 0, 0, 0, 0, 0, 0, 0, 0, 0, 0, 0, 0, 0, 0, 0, 0, 0, 0, -1, -1, -1, -1, -1, -1]
Stats: total_clusters=1, target_cluster_size=54, smallest_cluster_size=54, outliers=6, changed_cluster_points=4

Timestamp: 24
Points: [(1.8, 2.64, 1.72), (2.74, 2.12, 1.72), (2.53, 2.26, 1.33), (2.92, 2.75, 1.62), (2.61, 2.28, 1.47), (2.94, 1.99, 1.64), (2.5, 2.82, 1.94), (2.06, 2.4, 1.72), (2.42, 2.56, 1.36), (2.38, 2.52, 1.89), (2.52, 2.33, 1.69), (2.67, 2.41, 1.45), (2.17, 2.03, 2.08), (2.68, 2.38, 1.6), (2.34, 2.68, 2.19), (2.33, 2.69, 1.72), (2.43, 2.78, 1.71), (2.56, 2.47, 1.31), (2.55, 2.26, 1.36), (2.35, 2.27, 1.97), (2.22, 2.21, 1.77), (2.15, 2.24, 1.3), (2.71, 2.33, 1.71), (2.71, 2.22, 1.64), (2.22, 2.14, 1.49), (2.36, 2.31, 1.79), (2.26, 2.48, 1.84), (2.36, 2.2, 1.74), (2.43, 2.46, 2.11), (2.5, 2.24, 1.49), (2.27, 2.04, 1.95), (1.92, 2.53, 1.5), (2.35, 2.18, 2.08), (2.49, 2.6, 2.04), (2.52, 2.11, 1.66), (2.3, 2.28, 1.69), (2.45, 2.51, 1.85), (2.45, 2.51, 1.58), (2.81, 2.26, 2.01), (2.11, 2.31, 1.63), (2.55, 2.62, 1.4), (2.2, 2.05, 2.05), (2.56, 2.13, 1.6), (2.78, 2.33, 1.63), (2.29, 2.15, 2.01), (2.9, 2.16, 2.07), (2.36, 2.54, 2.07), (2.44, 2.32, 1.92), (2.2, 2.69, 1.75), (2.34, 2.25, 1.37), (2.35, 2.34, 1.45), (1.33, 4.96, -0.31), (5.28, 0.64, 3.16), (2.76, 4.71, 2.04)]
Labels: [0, 0, 0, 0, 0, 0, 0, 0, 0, 0, 0, 0, 0, 0, 0, 0, 0, 0, 0, 0, 0, 0, 0, 0, 0, 0, 0, 0, 0, 0, 0, 0, 0, 0, 0, 0, 0, 0, 0, 0, 0, 0, 0, 0, 0, 0, 0, 0, 0, 0, 0, -1, -1, -1]
Stats: total_clusters=1, target_cluster_size=51, smallest_cluster_size=51, outliers=3, changed_cluster_points=1

Timestamp: 25
Points: [(2.5, 2.37, 2.12), (2.94, 2.38, 1.62), (2.12, 2.42, 2.19), (2.47, 2.6, 1.35), (2.39, 2.53, 1.73), (2.71, 2.27, 1.27), (2.78, 2.18, 1.83), (2.61, 2.0, 1.97), (2.36, 2.43, 1.61), (2.91, 2.75, 1.25), (3.07, 2.25, 2.23), (2.44, 2.33, 1.64), (2.4, 3.05, 1.68), (2.43, 2.44, 1.46), (2.9, 2.05, 1.55), (2.73, 2.43, 1.84), (2.88, 2.67, 1.74), (3.02, 2.26, 1.68), (2.49, 2.39, 1.44), (2.1, 2.52, 1.54), (2.98, 2.4, 1.64), (2.77, 2.52, 1.66), (2.34, 3.33, 1.79), (2.77, 2.16, 1.56), (3.03, 2.77, 1.82), (2.41, 2.36, 1.53), (2.21, 2.65, 1.84), (2.68, 2.33, 1.77), (2.39, 2.24, 2.12), (2.53, 2.54, 1.91), (2.53, 2.48, 1.43), (2.28, 2.18, 1.85), (2.52, 2.19, 1.85), (2.64, 2.24, 1.7), (2.64, 2.2, 1.84), (2.58, 2.17, 1.76), (2.59, 2.26, 1.57), (2.25, 2.3, 1.7), (2.36, 2.05, 1.53), (2.4, 2.62, 1.85), (2.71, 2.23, 1.74), (4.64, 3.92, 3.53), (0.32, -0.16, 4.06), (1.83, 1.14, 3.05)]
Labels: [0, 0, 0, 0, 0, 0, 0, 0, 0, 0, 0, 0, 0, 0, 0, 0, 0, 0, 0, 0, 0, 0, -1, 0, 0, 0, 0, 0, 0, 0, 0, 0, 0, 0, 0, 0, 0, 0, 0, 0, 0, -1, -1, -1]
Stats: total_clusters=1, target_cluster_size=40, smallest_cluster_size=40, outliers=4, changed_cluster_points=3

Timestamp: 26
Points: [(2.92, 2.52, 1.48), (2.5, 2.43, 1.82), (2.17, 2.58, 1.02), (2.35, 2.31, 1.86), (2.51, 2.08, 1.45), (2.56, 2.41, 1.55), (2.39, 2.6, 1.57), (2.49, 2.97, 1.34), (2.05, 2.63, 1.53), (2.43, 2.23, 1.63), (2.91, 2.63, 1.91), (2.15, 2.14, 0.99), (2.31, 2.67, 1.83), (2.45, 2.42, 1.53), (2.56, 2.62, 1.29), (2.58, 2.66, 1.59), (2.68, 3.13, 1.67), (2.61, 2.25, 1.74), (2.62, 2.48, 1.44), (2.56, 2.8, 1.81), (2.75, 2.37, 1.88), (2.58, 2.19, 1.78), (2.26, 2.27, 1.74), (2.58, 2.13, 1.96), (2.65, 2.25, 1.31), (2.47, 2.32, 1.73), (2.42, 1.93, 1.6), (2.43, 2.59, 1.52), (2.93, 1.95, 2.03), (2.45, 2.64, 1.72), (2.79, 2.33, 1.42), (2.86, 2.4, 1.75), (2.82, 2.17, 1.85), (2.36, 2.4, 1.72), (2.13, 2.24, 2.04), (2.73, 2.41, 1.76), (2.44, 2.77, 1.65), (2.57, 2.72, 1.5), (2.9, 2.05, 2.1), (2.42, 2.37, 1.22), (2.4, 2.17, 1.55), (2.47, 2.67, 1.75), (2.59, 2.16, 1.48), (2.96, 2.25, 2.11), (2.45, 2.43, 1.96), (-0.26, 1.64, 4.57), (2.03, 2.44, 4.16), (3.81, 2.92, 3.48), (4.69, 2.17, 1.55)]
Labels: [0, 0, 0, 0, 0, 0, 0, 0, 0, 0, 0, 0, 0, 0, 0, 0, 0, 0, 0, 0, 0, 0, 0, 0, 0, 0, 0, 0, 0, 0, 0, 0, 0, 0, 0, 0, 0, 0, 0, 0, 0, 0, 0, 0, 0, -1, -1, -1, -1]
Stats: total_clusters=1, target_cluster_size=45, smallest_cluster_size=45, outliers=4, changed_cluster_points=1

Timestamp: 27
Points: [(2.67, 2.32, 1.52), (2.56, 2.44, 1.81), (2.47, 1.98, 1.58), (2.73, 2.37, 1.63), (2.78, 2.26, 1.3), (2.49, 2.32, 1.45), (2.49, 2.56, 1.68), (2.61, 2.89, 1.6), (2.6, 2.31, 1.48), (2.39, 2.32, 1.78), (3.12, 2.26, 1.58), (2.52, 2.54, 1.75), (2.86, 1.83, 1.09), (2.41, 2.72, 1.3), (1.78, 2.58, 1.75), (2.26, 2.19, 1.44), (2.56, 2.28, 1.81), (1.82, 2.23, 1.41), (2.47, 2.31, 1.89), (2.07, 2.45, 1.83), (3.0, 2.32, 1.77), (2.08, 1.84, 1.9), (2.53, 2.74, 1.34), (2.67, 2.91, 1.79), (2.6, 2.44, 1.29), (2.87, 2.29, 1.81), (2.14, 2.15, 2.05), (2.45, 2.8, 1.67), (2.07, 2.66, 1.54), (2.71, 2.45, 1.3), (2.58, 2.99, 1.81), (2.52, 2.71, 1.74), (2.59, 2.17, 1.75), (2.79, 2.23, 2.04), (2.51, 2.22, 1.94), (2.46, 2.63, 1.61), (2.52, 2.56, 1.76), (2.04, 2.16, 1.92), (2.5, 2.31, 1.35), (2.27, 1.94, 1.66), (2.39, 2.2, 1.67), (2.63, 2.96, 1.31), (2.82, 2.68, 1.49), (2.59, 2.33, 1.73), (2.91, 2.59, 1.81), (2.43, 2.07, 1.63), (2.84, 2.06, 1.42), (2.57, 2.19, 1.49), (2.43, 2.1, 1.44), (2.71, 2.11, 1.29), (2.38, 2.62, 1.64), (2.42, 2.45, 1.25), (2.66, 2.54, 1.58), (2.79, 2.16, 1.97), (2.57, 2.36, 1.68), (2.51, 2.75, 1.42), (2.34, 2.7, 1.54), (2.21, 3.8, 2.84), (5.46, 0.79, 2.66), (3.19, 4.93, -0.37)]
Labels: [0, 0, 0, 0, 0, 0, 0, 0, 0, 0, 0, 0, 0, 0, 0, 0, 0, 0, 0, 0, 0, 0, 0, 0, 0, 0, 0, 0, 0, 0, 0, 0, 0, 0, 0, 0, 0, 0, 0, 0, 0, 0, 0, 0, 0, 0, 0, 0, 0, 0, 0, 0, 0, 0, 0, 0, 0, -1, -1, -1]
Stats: total_clusters=1, target_cluster_size=57, smallest_cluster_size=57, outliers=3, changed_cluster_points=2

Timestamp: 28
Points: [(2.36, 2.58, 2.12), (2.66, 2.34, 1.67), (2.11, 2.34, 1.57), (2.6, 2.93, 1.2), (2.46, 1.99, 1.55), (2.34, 2.07, 1.91), (2.62, 2.65, 1.55), (2.54, 2.85, 1.68), (2.76, 2.29, 1.86), (2.42, 1.97, 1.68), (2.44, 2.04, 1.73), (2.34, 3.22, 1.31), (2.26, 2.67, 1.65), (2.77, 2.54, 1.53), (2.21, 2.72, 1.36), (2.7, 2.68, 1.65), (2.48, 2.2, 1.8), (1.8, 2.63, 1.71), (2.5, 2.51, 1.34), (1.96, 2.56, 2.01), (2.12, 2.18, 1.87), (2.65, 3.19, 1.95), (2.77, 2.26, 1.81), (2.93, 2.41, 1.65), (2.59, 2.28, 1.75), (2.62, 2.82, 1.63), (2.73, 2.41, 1.84), (2.5, 2.59, 1.86), (2.29, 2.72, 1.64), (2.44, 2.27, 1.75), (2.56, 2.54, 1.78), (2.71, 3.14, 1.69), (2.38, 1.94, 1.38), (2.87, 2.63, 1.34), (3.18, 2.53, 1.79), (3.12, 2.88, 1.87), (2.77, 2.68, 1.62), (2.63, 2.59, 1.65), (2.32, 2.38, 1.43), (2.58, 2.0, 1.76), (5.53, 5.25, 1.32), (1.12, 4.48, 2.97)]
Labels: [0, 0, 0, 0, 0, 0, 0, 0, 0, 0, 0, 0, 0, 0, 0, 0, 0, 0, 0, 0, 0, 0, 0, 0, 0, 0, 0, 0, 0, 0, 0, 0, 0, 0, 0, 0, 0, 0, 0, 0, -1, -1]
Stats: total_clusters=1, target_cluster_size=40, smallest_cluster_size=40, outliers=2, changed_cluster_points=0

Timestamp: 29
Points: [(2.31, 2.49, 1.77), (2.66, 2.79, 2.0), (2.72, 2.68, 1.8), (2.47, 2.66, 1.33), (2.84, 2.17, 1.75), (2.37, 2.6, 1.67), (2.18, 2.57, 1.53), (2.8, 2.47, 1.77), (2.34, 2.32, 1.56), (2.8, 2.89, 1.47), (2.85, 1.92, 1.38), (2.34, 2.13, 1.28), (2.68, 2.41, 1.77), (2.75, 2.53, 1.84), (2.56, 2.17, 1.94), (2.43, 2.23, 1.63), (2.35, 2.36, 1.76), (2.67, 2.24, 1.55), (2.85, 2.59, 2.19), (2.88, 2.75, 1.33), (2.77, 2.45, 1.54), (2.62, 2.7, 1.8), (2.36, 2.65, 1.52), (2.64, 2.39, 1.62), (2.77, 2.21, 2.16), (2.13, 2.32, 1.77), (2.73, 2.44, 1.66), (2.68, 2.41, 2.02), (2.79, 2.68, 1.43), (2.56, 2.39, 1.42), (2.67, 2.33, 1.84), (2.31, 2.9, 1.45), (2.64, 2.66, 1.53), (2.79, 2.16, 2.04), (2.58, 2.32, 1.6), (2.78, 2.32, 1.49), (2.53, 2.17, 2.13), (2.44, 2.67, 1.73), (2.34, 2.46, 1.87), (4.64, 2.14, 2.93), (3.97, 0.51, 0.84)]
Labels: [0, 0, 0, 0, 0, 0, 0, 0, 0, 0, 0, 0, 0, 0, 0, 0, 0, 0, 0, 0, 0, 0, 0, 0, 0, 0, 0, 0, 0, 0, 0, 0, 0, 0, 0, 0, 0, 0, 0, -1, -1]
Stats: total_clusters=1, target_cluster_size=39, smallest_cluster_size=39, outliers=2, changed_cluster_points=2

Timestamp: 30
Points: [(2.6, 2.23, 1.87), (2.52, 2.5, 1.33), (2.82, 1.97, 1.5), (2.7, 2.2, 1.82), (2.38, 2.17, 1.99), (2.64, 2.61, 1.92), (1.95, 2.64, 1.48), (2.44, 2.59, 1.57), (2.75, 2.47, 1.71), (2.48, 2.21, 1.48), (2.57, 2.94, 2.03), (2.44, 2.49, 1.59), (2.63, 2.54, 1.8), (1.87, 2.57, 1.57), (2.42, 2.68, 2.03), (2.77, 2.35, 1.4), (1.85, 2.52, 1.81), (2.57, 2.71, 1.34), (2.56, 2.42, 1.64), (2.89, 2.45, 1.59), (2.37, 2.81, 1.31), (2.46, 2.9, 1.78), (2.6, 2.48, 1.43), (2.58, 2.39, 1.71), (2.22, 2.58, 1.92), (2.55, 2.64, 1.74), (2.45, 2.21, 1.44), (2.67, 2.46, 1.98), (2.8, 2.68, 1.73), (2.36, 2.56, 1.68), (2.32, 2.78, 1.94), (2.31, 2.32, 1.53), (2.75, 2.6, 1.68), (2.67, 2.16, 1.76), (2.57, 2.31, 1.28), (2.61, 2.57, 1.24), (2.6, 2.51, 1.53), (2.7, 2.44, 1.74), (2.73, 2.61, 1.92), (2.68, 2.36, 1.5), (2.33, 2.52, 2.0), (2.51, 2.59, 1.48), (2.65, 2.79, 1.84), (2.21, 2.62, 1.82), (2.64, 2.64, 1.46), (2.62, 2.76, 1.92), (2.74, 2.26, 1.41), (2.63, 2.52, 1.64), (2.4, 2.59, 1.69), (2.67, 2.63, 1.6), (2.48, 2.75, 1.48), (2.48, 2.79, 1.53), (2.58, 2.37, 1.22), (2.57, 2.23, 1.73), (2.88, 1.92, 1.56), (2.71, 1.93, 2.0), (2.7, 2.75, 1.52), (1.63, -0.19, 1.99), (3.13, 5.09, 3.02), (5.11, 4.93, 2.29)]
Labels: [0, 0, 0, 0, 0, 0, 0, 0, 0, 0, 0, 0, 0, 0, 0, 0, 0, 0, 0, 0, 0, 0, 0, 0, 0, 0, 0, 0, 0, 0, 0, 0, 0, 0, 0, 0, 0, 0, 0, 0, 0, 0, 0, 0, 0, 0, 0, 0, 0, 0, 0, 0, 0, 0, 0, 0, 0, -1, -1, -1]
Stats: total_clusters=1, target_cluster_size=57, smallest_cluster_size=57, outliers=3, changed_cluster_points=2

Timestamp: 31
Points: [(2.68, 2.61, 1.17), (2.11, 2.68, 1.78), (2.61, 2.14, 1.48), (2.56, 2.09, 1.47), (2.79, 2.85, 1.55), (2.81, 2.01, 1.82), (2.42, 2.57, 1.59), (2.95, 2.27, 1.81), (2.55, 2.45, 1.61), (2.41, 2.49, 1.64), (2.68, 2.51, 1.85), (2.85, 2.23, 1.87), (2.33, 2.64, 1.81), (2.14, 2.52, 1.54), (2.43, 2.83, 1.49), (2.42, 2.51, 1.82), (2.59, 2.78, 1.79), (2.08, 2.36, 1.51), (2.74, 1.84, 2.29), (2.75, 2.53, 1.95), (3.21, 2.71, 1.89), (2.65, 2.46, 1.53), (2.42, 2.32, 1.32), (2.6, 2.07, 1.7), (2.61, 2.53, 1.52), (3.39, 2.83, 1.34), (2.68, 2.34, 1.4), (2.29, 2.6, 1.48), (2.86, 2.74, 2.0), (2.41, 2.61, 1.81), (2.5, 2.3, 2.06), (2.68, 2.65, 1.45), (2.32, 2.35, 1.62), (2.36, 2.49, 1.23), (2.34, 2.66, 1.8), (2.52, 2.24, 1.4), (2.53, 2.65, 1.89), (2.5, 2.2, 1.72), (2.42, 2.36, 1.98), (2.83, 2.53, 1.34), (2.67, 2.76, 1.56), (2.96, 2.82, 2.07), (2.7, 2.64, 2.01), (2.73, 2.37, 1.54), (2.68, 2.17, 1.62), (2.9, 1.95, 2.04), (2.9, 2.38, 1.79), (2.62, 2.8, 1.9), (2.27, 2.64, 1.6), (2.64, 2.31, 2.09), (2.88, 2.31, 1.32), (2.53, 2.6, 1.71), (2.94, 2.69, 1.9), (0.87, 2.91, 3.86), (2.21, 5.29, 1.37)]
Labels: [0, 0, 0, 0, 0, 0, 0, 0, 0, 0, 0, 0, 0, 0, 0, 0, 0, 0, 0, 0, 0, 0, 0, 0, 0, -1, 0, 0, 0, 0, 0, 0, 0, 0, 0, 0, 0, 0, 0, 0, 0, 0, 0, 0, 0, 0, 0, 0, 0, 0, 0, 0, 0, -1, -1]
Stats: total_clusters=1, target_cluster_size=52, smallest_cluster_size=52, outliers=3, changed_cluster_points=2

Timestamp: 32
Points: [(2.55, 2.27, 1.93), (2.57, 2.87, 2.03), (2.62, 2.26, 1.13), (2.28, 2.16, 1.99), (2.67, 2.6, 1.09), (2.35, 2.73, 1.72), (2.61, 2.65, 2.06), (2.59, 2.52, 1.7), (3.24, 1.98, 1.82), (2.62, 2.65, 1.48), (2.63, 2.69, 2.43), (2.85, 2.3, 1.54), (2.53, 2.06, 1.57), (2.83, 2.19, 1.91), (2.77, 2.32, 1.61), (3.04, 2.69, 1.65), (2.59, 2.53, 1.52), (2.12, 3.02, 1.69), (2.74, 2.49, 1.46), (2.6, 2.11, 2.22), (2.34, 2.25, 1.54), (2.97, 2.51, 1.34), (2.96, 2.69, 1.78), (2.82, 3.11, 2.19), (2.47, 2.91, 1.74), (2.77, 2.08, 1.6), (2.44, 2.71, 1.92), (2.13, 2.5, 1.93), (2.6, 2.69, 1.74), (2.73, 2.44, 1.34), (2.36, 2.68, 1.65), (2.61, 2.4, 1.57), (2.91, 2.42, 1.31), (2.83, 2.46, 1.66), (3.05, 2.5, 1.72), (2.35, 2.45, 1.8), (2.26, 2.56, 1.67), (2.66, 2.77, 1.73), (3.01, 2.26, 1.68), (2.67, 2.24, 1.89), (5.46, 2.41, -0.97), (2.95, 4.55, 4.63)]
Labels: [0, 0, 0, 0, 0, 0, 0, 0, 0, 0, 0, 0, 0, 0, 0, 0, 0, 0, 0, 0, 0, 0, 0, 0, 0, 0, 0, 0, 0, 0, 0, 0, 0, 0, 0, 0, 0, 0, 0, 0, -1, -1]
Stats: total_clusters=1, target_cluster_size=40, smallest_cluster_size=40, outliers=2, changed_cluster_points=0

Timestamp: 33
Points: [(2.86, 2.26, 2.11), (2.65, 2.43, 1.88), (2.45, 2.71, 1.99), (2.62, 3.04, 1.8), (2.84, 2.87, 2.04), (2.74, 2.72, 1.99), (2.39, 2.09, 1.62), (2.24, 2.45, 1.71), (2.61, 2.49, 1.39), (2.87, 2.26, 1.11), (2.62, 2.75, 1.66), (2.39, 2.55, 1.75), (2.7, 2.46, 1.76), (2.24, 2.3, 1.31), (3.01, 2.7, 1.68), (2.31, 2.71, 1.98), (2.82, 2.52, 1.79), (2.74, 2.76, 1.86), (2.62, 2.36, 1.54), (2.81, 2.44, 1.45), (2.68, 2.8, 1.67), (2.61, 2.61, 1.66), (2.19, 2.7, 1.74), (2.68, 2.79, 1.94), (2.88, 2.31, 1.43), (2.96, 2.06, 1.6), (2.79, 2.09, 1.69), (2.91, 2.15, 2.05), (2.42, 2.67, 1.62), (2.69, 2.2, 1.95), (2.76, 2.93, 1.32), (2.63, 2.58, 1.65), (2.84, 2.48, 2.17), (2.69, 1.8, 1.66), (2.99, 2.29, 1.39), (2.47, 2.26, 1.52), (2.9, 2.91, 1.03), (2.58, 2.6, 1.69), (3.15, 2.02, 0.99), (3.19, 2.71, 1.49), (2.72, 2.59, 1.49), (2.71, 2.61, 2.14), (2.92, 2.96, 1.3), (2.59, 2.59, 1.16), (2.97, 2.69, 1.54), (1.75, 3.99, 1.26)]
Labels: [0, 0, 0, 0, 0, 0, 0, 0, 0, 0, 0, 0, 0, 0, 0, 0, 0, 0, 0, 0, 0, 0, 0, 0, 0, 0, 0, 0, 0, 0, 0, 0, 0, 0, 0, 0, 0, 0, 0, 0, 0, 0, 0, 0, 0, -1]
Stats: total_clusters=1, target_cluster_size=45, smallest_cluster_size=45, outliers=1, changed_cluster_points=1

Timestamp: 34
Points: [(2.74, 2.75, 1.6), (2.48, 2.73, 1.79), (2.94, 2.54, 1.48), (2.31, 2.75, 1.73), (2.45, 2.41, 1.51), (2.32, 2.34, 1.34), (2.59, 2.36, 1.22), (3.2, 2.86, 1.43), (2.76, 2.65, 1.92), (2.49, 2.82, 1.49), (2.36, 2.73, 1.95), (3.34, 2.24, 1.8), (2.59, 2.74, 1.26), (2.38, 2.35, 1.65), (2.54, 2.71, 1.88), (2.85, 2.95, 1.73), (2.39, 2.89, 1.48), (2.92, 2.94, 1.74), (2.32, 2.31, 1.96), (2.65, 2.56, 1.82), (2.87, 2.61, 1.57), (2.62, 2.76, 1.77), (2.63, 2.82, 1.59), (2.48, 2.35, 1.38), (2.63, 2.85, 1.43), (2.74, 2.38, 1.56), (2.32, 2.49, 1.58), (2.83, 2.6, 1.33), (2.97, 2.6, 1.68), (2.69, 2.42, 1.68), (2.81, 2.11, 1.49), (2.63, 2.61, 1.92), (2.5, 2.42, 1.5), (2.5, 2.46, 1.82), (2.43, 2.65, 1.2), (2.56, 2.46, 2.05), (2.63, 1.99, 1.13), (2.7, 2.7, 1.72), (2.74, 2.84, 1.49), (2.92, 2.14, 1.4), (2.24, 2.48, 1.62), (2.72, 2.56, 1.39), (2.65, 2.17, 1.97), (2.62, 2.42, 2.02), (2.38, 2.26, 1.35), (1.11, 5.14, 3.78), (3.95, 2.44, 1.75), (5.55, 5.34, -0.08)]
Labels: [0, 0, 0, 0, 0, 0, 0, 0, 0, 0, 0, -1, 0, 0, 0, 0, 0, 0, 0, 0, 0, 0, 0, 0, 0, 0, 0, 0, 0, 0, 0, 0, 0, 0, 0, 0, 0, 0, 0, 0, 0, 0, 0, 0, 0, -1, -1, -1]
Stats: total_clusters=1, target_cluster_size=44, smallest_cluster_size=44, outliers=4, changed_cluster_points=3

Timestamp: 35
Points: [(2.63, 2.82, 1.73), (2.67, 2.24, 1.21), (2.79, 2.38, 1.78), (2.3, 2.95, 1.78), (2.74, 2.98, 1.85), (2.6, 2.58, 1.12), (2.98, 2.48, 1.12), (2.42, 2.77, 2.02), (2.72, 2.31, 1.26), (3.07, 2.67, 1.53), (2.57, 2.72, 1.77), (2.49, 2.27, 1.34), (2.6, 2.38, 2.02), (2.59, 2.24, 1.32), (2.67, 2.1, 1.6), (2.38, 2.85, 1.64), (3.25, 2.5, 0.83), (3.08, 2.68, 1.78), (2.46, 2.55, 1.66), (2.66, 2.12, 2.31), (2.92, 2.66, 1.94), (2.88, 2.39, 1.93), (2.93, 2.4, 1.81), (2.65, 2.61, 1.76), (3.06, 2.4, 1.7), (3.22, 2.51, 1.66), (3.22, 2.72, 1.25), (2.52, 2.73, 1.72), (2.76, 3.1, 1.46), (2.7, 2.07, 1.9), (2.52, 2.82, 1.85), (3.3, 2.72, 1.52), (2.83, 2.37, 1.69), (2.66, 2.54, 1.39), (2.79, 2.76, 1.2), (2.54, 2.6, 1.03), (3.15, 2.38, 1.38), (2.66, 2.59, 1.42), (2.96, 2.66, 1.4), (2.58, 2.18, 1.3), (2.81, 2.35, 2.06), (2.73, 2.22, 1.33), (2.98, 2.54, 1.86), (2.62, 2.42, 1.89), (2.5, 2.68, 1.56), (2.93, 3.01, 1.52), (4.64, 0.97, 2.58), (2.07, 1.77, 2.75), (2.04, 1.63, 3.63), (0.32, 3.61, 0.11), (-0.19, 0.56, 2.25)]
Labels: [0, 0, 0, 0, 0, 0, 0, 0, 0, 0, 0, 0, 0, 0, 0, 0, 0, 0, 0, 0, 0, 0, 0, 0, 0, 0, 0, 0, 0, 0, 0, 0, 0, 0, 0, 0, 0, 0, 0, 0, 0, 0, 0, 0, 0, 0, -1, -1, -1, -1, -1]
Stats: total_clusters=1, target_cluster_size=46, smallest_cluster_size=46, outliers=5, changed_cluster_points=4

Timestamp: 36
Points: [(3.01, 2.43, 1.6), (2.73, 2.6, 1.71), (2.5, 2.74, 1.19), (2.4, 3.11, 1.47), (2.92, 3.0, 1.02), (3.02, 2.74, 2.01), (2.44, 2.94, 1.41), (3.0, 2.56, 1.79), (2.75, 2.11, 0.82), (2.79, 2.51, 1.7), (2.67, 3.08, 1.66), (2.62, 2.66, 1.49), (2.76, 2.27, 1.6), (2.61, 2.29, 2.09), (2.46, 2.58, 1.4), (2.81, 2.25, 1.81), (3.24, 2.36, 1.9), (2.64, 2.95, 2.15), (2.68, 2.19, 1.84), (2.79, 2.7, 1.51), (2.51, 2.86, 1.68), (2.37, 2.74, 1.72), (2.65, 2.98, 1.44), (2.69, 2.77, 1.62), (2.39, 2.62, 1.5), (2.95, 2.61, 1.62), (2.47, 2.52, 1.84), (2.54, 2.57, 1.37), (2.44, 2.55, 1.64), (3.23, 2.46, 1.59), (2.42, 2.73, 1.7), (3.11, 2.85, 1.69), (2.62, 2.62, 1.57), (2.97, 2.78, 1.53), (2.37, 2.91, 1.74), (2.65, 2.71, 1.62), (3.06, 2.09, 1.5), (3.13, 2.71, 2.04), (2.43, 2.84, 1.85), (2.31, 2.5, 1.57), (2.33, 2.5, 1.82), (2.64, 2.63, 1.66), (2.73, 2.4, 1.76), (2.34, 2.58, 1.95), (2.62, 2.39, 1.78), (2.77, 2.76, 1.61), (2.14, 2.87, 2.12), (3.05, 1.69, 1.71), (2.62, 2.3, 1.63), (2.7, 2.7, 1.61), (2.45, 2.43, 1.41), (2.3, 2.23, 1.55), (3.09, 2.44, 1.41), (2.44, 2.58, 1.89), (4.02, 5.2, 4.07), (5.41, 1.04, -0.61), (1.55, 4.94, 4.43), (4.89, 0.23, 4.28)]
Labels: [0, 0, 0, 0, 0, 0, 0, 0, -1, 0, 0, 0, 0, 0, 0, 0, 0, 0, 0, 0, 0, 0, 0, 0, 0, 0, 0, 0, 0, 0, 0, 0, 0, 0, 0, 0, 0, 0, 0, 0, 0, 0, 0, 0, 0, 0, 0, 0, 0, 0, 0, 0, 0, 0, -1, -1, -1, -1]
Stats: total_clusters=1, target_cluster_size=53, smallest_cluster_size=53, outliers=5, changed_cluster_points=4

Timestamp: 37
Points: [(3.35, 2.45, 1.68), (2.98, 2.91, 1.52), (2.31, 2.65, 1.62), (2.68, 2.55, 1.62), (2.85, 2.67, 1.53), (2.86, 2.52, 1.75), (2.61, 2.61, 1.18), (2.67, 2.73, 1.33), (2.68, 1.99, 1.25), (2.49, 2.61, 1.67), (2.75, 2.49, 1.49), (2.94, 2.64, 1.5), (3.09, 3.08, 1.28), (2.89, 3.36, 1.66), (2.79, 2.57, 1.71), (2.95, 2.28, 1.58), (2.2, 2.54, 1.36), (2.85, 2.17, 1.46), (3.01, 2.42, 1.11), (2.83, 2.44, 1.54), (2.58, 3.08, 1.2), (3.47, 2.49, 1.63), (2.62, 2.43, 1.39), (2.91, 2.24, 1.68), (2.22, 2.66, 1.8), (2.45, 2.76, 1.6), (3.16, 2.37, 2.29), (2.17, 2.51, 1.16), (3.23, 2.52, 1.55), (2.87, 2.59, 1.44), (2.45, 2.63, 1.68), (2.94, 3.07, 1.04), (2.75, 2.89, 1.56), (2.18, 2.27, 1.67), (2.84, 2.76, 1.39), (2.83, 2.35, 1.65), (2.78, 2.38, 1.98), (2.34, 2.55, 1.38), (3.22, 2.74, 1.43), (2.69, 3.05, 1.35), (2.32, 2.66, 1.67), (2.93, 2.76, 2.03), (2.33, 2.29, 1.75), (2.49, 2.22, 2.05), (2.36, 2.5, 1.57), (3.09, 2.12, 1.69), (0.85, 0.1, 2.87), (0.94, 3.73, 0.93), (2.26, 2.4, 0.79)]
Labels: [0, 0, 0, 0, 0, 0, 0, 0, 0, 0, 0, 0, 0, 0, 0, 0, 0, 0, 0, 0, 0, 0, 0, 0, 0, 0, 0, 0, 0, 0, 0, 0, 0, 0, 0, 0, 0, 0, 0, 0, 0, 0, 0, 0, 0, 0, -1, -1, 0]
Stats: total_clusters=1, target_cluster_size=47, smallest_cluster_size=47, outliers=2, changed_cluster_points=4

Timestamp: 38
Points: [(3.03, 2.69, 1.66), (3.07, 2.61, 1.6), (2.83, 3.0, 1.49), (2.91, 2.75, 1.66), (2.7, 2.63, 1.55), (3.28, 2.48, 1.34), (2.79, 2.58, 1.62), (2.67, 2.62, 1.6), (3.02, 2.62, 1.6), (2.92, 2.81, 1.33), (2.48, 3.02, 1.75), (2.73, 2.6, 1.47), (2.84, 2.35, 1.78), (2.83, 2.65, 1.35), (2.92, 2.38, 1.4), (2.81, 3.22, 1.61), (2.15, 2.44, 1.74), (2.51, 2.8, 1.61), (3.04, 2.46, 1.41), (2.93, 2.59, 1.55), (3.18, 2.75, 1.07), (2.99, 2.77, 1.87), (2.55, 2.68, 1.6), (2.55, 2.83, 1.51), (3.08, 2.41, 1.21), (2.73, 2.65, 1.44), (2.02, 2.69, 1.67), (2.96, 2.5, 1.46), (3.15, 2.2, 1.51), (2.82, 2.75, 1.61), (2.56, 2.89, 1.57), (2.37, 2.65, 1.69), (3.28, 2.7, 1.2), (2.43, 2.91, 1.37), (2.4, 2.85, 1.45), (3.03, 2.37, 1.94), (3.01, 2.42, 1.16), (3.37, 2.54, 1.38), (3.14, 2.83, 1.87), (2.76, 3.07, 1.24), (2.65, 2.69, 1.86), (2.46, 5.26, -1.14)]
Labels: [0, 0, 0, 0, 0, 0, 0, 0, 0, 0, 0, 0, 0, 0, 0, 0, 0, 0, 0, 0, 0, 0, 0, 0, 0, 0, 0, 0, 0, 0, 0, 0, 0, 0, 0, 0, 0, 0, 0, 0, 0, -1]
Stats: total_clusters=1, target_cluster_size=41, smallest_cluster_size=41, outliers=1, changed_cluster_points=0

Timestamp: 39
Points: [(2.59, 2.76, 1.5), (2.87, 2.68, 1.67), (2.88, 2.72, 1.88), (2.97, 2.53, 1.54), (3.11, 2.65, 1.47), (2.65, 2.69, 1.35), (3.13, 2.36, 1.94), (2.74, 2.35, 1.61), (2.57, 2.63, 1.42), (3.04, 2.65, 1.27), (2.66, 2.79, 1.89), (2.8, 2.36, 1.83), (2.98, 2.94, 1.64), (2.68, 2.75, 1.65), (2.66, 2.67, 1.52), (2.99, 2.74, 1.3), (2.52, 2.6, 1.57), (3.0, 2.75, 1.93), (2.69, 2.49, 1.33), (2.99, 2.62, 1.1), (2.86, 2.68, 1.53), (2.88, 2.31, 1.98), (2.9, 2.17, 1.56), (2.91, 2.34, 1.7), (3.23, 2.46, 1.67), (2.86, 2.86, 1.54), (2.54, 2.84, 1.31), (3.26, 2.76, 1.42), (3.08, 2.62, 1.51), (2.64, 2.15, 1.72), (2.4, 2.42, 1.67), (2.68, 2.66, 1.26), (2.72, 2.66, 1.33), (3.23, 2.46, 1.91), (2.77, 2.23, 1.28), (2.85, 2.88, 2.01), (2.84, 2.32, 1.64), (2.6, 2.72, 1.33), (2.28, 2.95, 1.51), (2.82, 2.87, 2.04), (2.99, 2.64, 1.68), (2.73, 2.63, 1.6), (2.61, 2.62, 1.66), (2.94, 2.73, 1.23), (3.11, 2.9, 1.54), (2.92, 2.56, 1.75), (3.59, 4.12, 1.19)]
Labels: [0, 0, 0, 0, 0, 0, 0, 0, 0, 0, 0, 0, 0, 0, 0, 0, 0, 0, 0, 0, 0, 0, 0, 0, 0, 0, 0, 0, 0, 0, 0, 0, 0, 0, 0, 0, 0, 0, 0, 0, 0, 0, 0, 0, 0, 0, -1]
Stats: total_clusters=1, target_cluster_size=46, smallest_cluster_size=46, outliers=1, changed_cluster_points=1

Timestamp: 40
Points: [(2.29, 2.59, 1.89), (3.38, 2.53, 1.2), (3.15, 2.84, 1.44), (2.67, 2.45, 1.47), (2.9, 2.48, 1.45), (2.98, 2.26, 1.47), (2.4, 2.65, 1.08), (3.05, 2.3, 1.12), (2.73, 3.05, 1.74), (2.34, 2.29, 1.46), (3.38, 2.39, 1.33), (3.2, 2.67, 1.82), (2.64, 2.6, 1.89), (2.79, 2.91, 1.66), (2.56, 2.62, 1.81), (2.99, 2.62, 1.09), (2.37, 2.23, 1.43), (2.73, 2.26, 1.82), (2.51, 2.28, 1.58), (3.07, 3.14, 1.71), (3.22, 2.32, 2.1), (2.36, 2.5, 1.7), (2.42, 2.39, 1.29), (2.75, 2.98, 1.56), (2.71, 1.9, 1.68), (3.02, 2.2, 1.54), (2.87, 2.87, 1.38), (2.6, 2.51, 1.88), (3.08, 2.62, 1.82), (2.23, 2.82, 1.28), (3.26, 2.36, 1.35), (2.96, 2.79, 1.45), (2.92, 2.75, 1.66), (2.72, 2.75, 1.91), (2.52, 2.42, 1.57), (2.56, 2.17, 1.83), (2.27, 2.53, 1.75), (2.89, 2.53, 1.29), (2.91, 2.38, 1.63), (2.86, 2.66, 1.4), (3.33, 2.72, 1.49), (2.89, 2.43, 1.46), (3.42, 2.43, 1.54), (2.71, 2.37, 1.67), (2.83, 2.85, 1.76), (3.05, 2.4, 1.72), (2.99, 2.37, 1.48), (2.46, 2.79, 1.73), (3.18, 2.57, 1.67), (3.07, 2.44, 1.33), (2.64, 2.54, 1.34)]
Labels: [0, 0, 0, 0, 0, 0, 0, 0, 0, 0, 0, 0, 0, 0, 0, 0, 0, 0, 0, 0, 0, 0, 0, 0, 0, 0, 0, 0, 0, 0, 0, 0, 0, 0, 0, 0, 0, 0, 0, 0, 0, 0, 0, 0, 0, 0, 0, 0, 0, 0, 0]
Stats: total_clusters=1, target_cluster_size=51, smallest_cluster_size=51, outliers=0, changed_cluster_points=0

Timestamp: 41
Points: [(3.16, 2.47, 1.77), (2.57, 3.16, 1.36), (3.01, 2.37, 1.52), (3.23, 2.44, 2.11), (2.84, 2.89, 1.66), (2.95, 2.29, 1.44), (3.14, 2.56, 1.59), (2.45, 2.51, 1.84), (2.52, 2.82, 1.6), (2.78, 2.58, 1.43), (2.74, 2.88, 1.45), (3.29, 2.72, 1.41), (3.08, 2.8, 1.14), (2.58, 2.62, 1.16), (3.36, 2.85, 1.55), (2.75, 2.5, 1.06), (2.41, 3.12, 1.95), (2.7, 2.87, 1.68), (3.0, 2.29, 1.1), (3.14, 2.15, 1.52), (2.75, 2.53, 1.63), (2.67, 2.74, 1.59), (3.36, 2.3, 1.56), (2.95, 2.58, 1.22), (3.15, 2.73, 1.24), (2.95, 3.07, 1.55), (2.84, 3.04, 1.31), (3.27, 2.89, 1.32), (2.67, 2.51, 1.1), (2.9, 2.43, 1.63), (2.52, 2.88, 1.74), (2.66, 2.74, 1.58), (3.21, 2.39, 1.52), (2.68, 2.66, 1.69), (2.68, 2.55, 1.8), (3.18, 2.77, 1.52), (2.78, 2.78, 1.61), (2.43, 2.79, 1.34), (2.49, 2.23, 1.5), (2.59, 2.06, 1.47), (2.72, 2.61, 1.4), (3.3, 2.77, 1.43), (2.82, 3.0, 1.79), (2.49, 2.4, 1.36), (2.73, 2.5, 1.56), (3.02, 2.87, 1.47), (2.43, 2.39, 1.43), (2.53, 2.93, 1.26), (2.99, 2.22, 1.72), (2.8, 3.02, 1.27), (2.7, 2.55, 1.52), (0.79, 0.69, 3.12), (-0.07, 2.99, 0.83), (2.88, 3.02, 0.44), (1.61, 4.05, 3.78), (0.99, 0.23, 3.94)]
Labels: [0, 0, 0, 0, 0, 0, 0, 0, 0, 0, 0, 0, 0, 0, 0, 0, 0, 0, 0, 0, 0, 0, 0, 0, 0, 0, 0, 0, 0, 0, 0, 0, 0, 0, 0, 0, 0, 0, 0, 0, 0, 0, 0, 0, 0, 0, 0, 0, 0, 0, 0, -1, -1, -1, -1, -1]
Stats: total_clusters=1, target_cluster_size=51, smallest_cluster_size=51, outliers=5, changed_cluster_points=5

Timestamp: 42
Points: [(2.8, 2.3, 1.65), (3.19, 2.68, 1.32), (3.1, 2.82, 1.29), (2.95, 2.9, 1.85), (2.84, 2.56, 1.86), (2.56, 2.76, 1.21), (3.12, 2.59, 1.87), (2.98, 2.34, 1.91), (3.25, 2.87, 1.36), (2.78, 2.69, 1.37), (3.28, 2.69, 0.87), (2.94, 2.56, 1.53), (2.77, 2.85, 1.83), (2.93, 2.57, 1.54), (2.86, 2.45, 1.69), (2.97, 3.04, 1.86), (2.69, 2.86, 1.31), (3.03, 2.52, 1.29), (2.93, 1.98, 1.11), (2.81, 2.67, 1.46), (2.46, 2.45, 1.65), (3.0, 2.65, 1.84), (2.96, 2.46, 1.48), (2.51, 2.62, 1.83), (3.03, 3.0, 1.47), (3.19, 2.6, 1.92), (2.85, 2.83, 1.92), (2.81, 2.7, 1.87), (2.82, 2.32, 2.09), (2.74, 2.69, 1.84), (2.71, 2.4, 1.61), (2.41, 2.58, 1.61), (2.79, 2.26, 1.95), (2.88, 3.01, 1.48), (2.64, 2.72, 1.5), (2.56, 3.02, 1.39), (2.4, 2.98, 1.42), (2.71, 2.21, 1.98), (2.54, 2.66, 1.78), (2.96, 2.64, 1.12), (2.66, 2.7, 1.35), (2.91, 2.82, 1.79), (2.55, 3.2, 1.74), (2.86, 2.92, 2.14), (2.5, 2.59, 0.95), (2.91, 2.74, 1.54), (2.69, 2.14, 1.64), (3.22, 2.5, 1.66), (2.47, 2.76, 1.45), (2.67, 2.46, 1.45), (2.95, 2.32, 1.45), (3.7, 2.13, 0.17), (1.1, 3.57, 1.05), (0.94, 3.78, 1.94)]
Labels: [0, 0, 0, 0, 0, 0, 0, 0, 0, 0, 0, 0, 0, 0, 0, 0, 0, 0, 0, 0, 0, 0, 0, 0, 0, 0, 0, 0, 0, 0, 0, 0, 0, 0, 0, 0, 0, 0, 0, 0, 0, 0, 0, 0, 0, 0, 0, 0, 0, 0, 0, -1, -1, -1]
Stats: total_clusters=1, target_cluster_size=51, smallest_cluster_size=51, outliers=3, changed_cluster_points=2

Timestamp: 43
Points: [(2.97, 2.72, 1.59), (2.97, 2.78, 1.44), (3.04, 2.47, 1.81), (3.07, 3.21, 1.67), (3.1, 2.28, 1.77), (3.17, 3.04, 1.57), (2.79, 2.39, 1.29), (2.87, 2.23, 1.35), (2.9, 2.68, 1.3), (2.57, 2.4, 1.48), (3.41, 2.93, 1.59), (3.02, 2.92, 1.71), (2.8, 2.46, 1.51), (3.13, 2.6, 1.26), (2.45, 2.64, 1.28), (2.77, 3.03, 1.52), (2.69, 2.74, 2.02), (2.85, 2.08, 1.7), (2.96, 2.69, 1.48), (2.68, 3.05, 1.08), (2.8, 2.58, 1.75), (3.19, 2.61, 1.59), (2.95, 2.93, 1.8), (2.74, 2.78, 1.63), (2.85, 2.76, 1.54), (2.92, 2.33, 1.31), (3.08, 2.36, 1.66), (2.86, 2.92, 1.7), (2.76, 2.61, 1.04), (2.84, 2.35, 1.48), (2.72, 2.45, 1.83), (2.56, 2.43, 1.36), (2.76, 2.45, 1.45), (2.95, 2.83, 1.69), (2.4, 2.76, 1.65), (2.71, 3.08, 1.81), (2.83, 2.52, 1.95), (2.87, 2.69, 1.56), (3.45, 2.61, 1.53), (2.67, 2.57, 1.28), (2.67, 2.21, 1.76), (2.92, 2.73, 1.52), (4.43, 2.74, 2.4), (0.49, 4.73, 2.03), (5.79, 3.48, 3.54), (4.68, 1.74, 0.1)]
Labels: [0, 0, 0, 0, 0, 0, 0, 0, 0, 0, 0, 0, 0, 0, 0, 0, 0, 0, 0, 0, 0, 0, 0, 0, 0, 0, 0, 0, 0, 0, 0, 0, 0, 0, 0, 0, 0, 0, 0, 0, 0, 0, -1, -1, -1, -1]
Stats: total_clusters=1, target_cluster_size=42, smallest_cluster_size=42, outliers=4, changed_cluster_points=2

Timestamp: 44
Points: [(3.13, 2.63, 1.88), (3.27, 3.07, 1.46), (3.2, 2.44, 1.3), (2.3, 3.1, 1.31), (2.86, 2.45, 1.7), (2.8, 2.35, 1.64), (2.53, 2.47, 1.0), (2.53, 2.73, 1.04), (2.52, 2.68, 1.39), (3.39, 3.14, 1.31), (3.03, 2.87, 1.38), (2.52, 2.68, 1.49), (2.78, 2.79, 1.34), (2.6, 2.71, 1.62), (2.6, 2.91, 1.09), (2.75, 2.62, 1.37), (2.75, 3.15, 1.32), (3.5, 2.79, 1.55), (3.01, 3.31, 1.28), (2.61, 2.49, 1.54), (2.46, 2.69, 1.95), (2.93, 2.61, 1.37), (3.11, 2.47, 1.99), (3.37, 2.74, 1.53), (3.15, 2.95, 1.33), (2.76, 2.35, 1.63), (3.06, 2.34, 1.41), (2.55, 2.46, 1.67), (2.71, 2.61, 1.12), (2.94, 2.67, 1.35), (2.84, 2.73, 1.32), (2.52, 3.13, 1.37), (2.87, 2.93, 2.41), (2.58, 2.79, 1.35), (2.75, 2.5, 1.25), (2.88, 2.31, 1.77), (2.9, 2.79, 1.41), (2.8, 2.75, 1.24), (2.8, 2.47, 1.31), (2.36, 3.02, 1.36), (3.18, 2.95, 1.21), (2.62, 3.32, 1.97), (2.88, 2.74, 1.37), (3.0, 2.5, 1.02), (2.56, 2.69, 1.25), (2.87, 2.41, 1.33), (3.1, 2.74, 1.53), (3.11, 2.8, 1.89), (2.77, 2.57, 1.2), (2.78, 2.92, 1.85), (3.41, 1.82, 1.99), (1.94, 0.18, 4.49)]
Labels: [0, 0, 0, 0, 0, 0, 0, 0, 0, 0, 0, 0, 0, 0, 0, 0, 0, 0, 0, 0, 0, 0, 0, 0, 0, 0, 0, 0, 0, 0, 0, 0, -1, 0, 0, 0, 0, 0, 0, 0, 0, 0, 0, 0, 0, 0, 0, 0, 0, 0, -1, -1]
Stats: total_clusters=1, target_cluster_size=49, smallest_cluster_size=49, outliers=3, changed_cluster_points=3

Timestamp: 45
Points: [(2.75, 2.73, 1.68), (3.2, 2.42, 1.26), (3.07, 2.86, 1.18), (2.67, 2.65, 1.52), (2.93, 2.36, 1.52), (2.74, 2.41, 1.51), (2.89, 2.9, 1.3), (2.97, 2.31, 1.44), (3.03, 2.84, 1.65), (3.12, 2.59, 1.64), (3.38, 2.58, 1.86), (3.13, 2.63, 1.47), (2.94, 2.91, 1.61), (2.8, 2.18, 1.68), (2.43, 2.36, 1.41), (2.61, 2.78, 1.44), (3.11, 2.3, 1.35), (2.92, 2.71, 1.69), (2.69, 2.58, 1.64), (2.36, 2.8, 1.7), (2.58, 2.62, 1.88), (3.08, 2.81, 1.76), (3.37, 2.71, 1.41), (3.16, 2.65, 1.28), (2.78, 2.78, 1.4), (2.82, 2.44, 1.87), (2.83, 2.52, 1.36), (3.12, 2.84, 1.39), (2.92, 2.77, 1.34), (2.53, 2.83, 1.35), (3.02, 2.78, 1.53), (2.81, 2.54, 1.23), (2.76, 2.84, 1.86), (3.23, 2.74, 1.86), (2.84, 2.38, 1.99), (3.05, 2.32, 1.9), (2.73, 2.57, 1.77), (3.25, 2.45, 1.88), (3.13, 2.5, 1.45), (3.29, 2.31, 1.86), (3.13, 2.83, 1.54), (3.41, 3.23, 1.36), (3.07, 3.17, 1.32), (2.98, 2.95, 1.01), (3.12, 2.43, 1.56), (3.2, 2.1, 1.71), (3.42, 2.57, 1.66), (3.25, 2.3, 1.7), (3.17, 2.86, 1.53), (0.52, 4.94, 1.56), (4.76, 1.91, -0.74), (0.16, 1.39, -0.02)]
Labels: [0, 0, 0, 0, 0, 0, 0, 0, 0, 0, 0, 0, 0, 0, 0, 0, 0, 0, 0, 0, 0, 0, 0, 0, 0, 0, 0, 0, 0, 0, 0, 0, 0, 0, 0, 0, 0, 0, 0, 0, 0, 0, 0, 0, 0, 0, 0, 0, 0, -1, -1, -1]
Stats: total_clusters=1, target_cluster_size=49, smallest_cluster_size=49, outliers=3, changed_cluster_points=2

Timestamp: 46
Points: [(2.72, 2.89, 1.39), (2.72, 2.6, 1.49), (3.26, 2.23, 1.51), (3.09, 2.76, 1.83), (2.91, 2.67, 1.65), (2.95, 2.62, 1.63), (2.77, 2.56, 1.37), (3.27, 1.91, 1.6), (2.94, 2.3, 1.58), (3.05, 2.86, 0.84), (3.27, 2.53, 1.67), (3.11, 2.5, 1.66), (2.83, 2.2, 1.79), (2.74, 2.5, 1.4), (3.0, 2.7, 1.64), (2.59, 2.53, 1.47), (3.4, 2.69, 1.77), (2.94, 2.59, 1.44), (2.89, 2.87, 1.84), (3.02, 3.01, 1.26), (2.83, 2.53, 1.58), (2.84, 2.9, 1.27), (2.94, 2.89, 0.98), (3.46, 2.64, 0.99), (2.97, 2.72, 1.48), (3.18, 2.9, 1.57), (3.04, 2.69, 1.94), (2.56, 2.75, 1.52), (3.13, 2.5, 1.06), (2.97, 2.79, 1.87), (2.61, 3.0, 2.09), (2.83, 2.39, 1.4), (2.93, 2.86, 1.35), (3.32, 2.44, 1.06), (3.21, 2.15, 1.45), (3.71, 2.71, 1.22), (2.92, 2.7, 1.54), (3.09, 2.46, 1.92), (2.99, 2.9, 1.34), (3.25, 2.65, 1.57), (2.7, 2.47, 1.67), (2.82, 2.5, 1.34), (3.1, 2.56, 1.47), (2.93, 2.24, 1.13), (3.01, 2.53, 1.76), (3.17, 2.9, 1.95), (2.91, 2.88, 1.35), (3.54, 3.21, 1.5), (3.03, 3.06, 1.46), (2.77, 2.93, 1.52), (2.98, 2.51, 1.07), (2.99, 2.94, 1.44), (3.29, 2.54, 1.24), (2.91, 2.69, 1.69), (2.74, 3.06, 1.99), (2.92, 3.03, 1.24), (4.12, 3.94, 1.45)]
Labels: [0, 0, 0, 0, 0, 0, 0, 0, 0, 0, 0, 0, 0, 0, 0, 0, 0, 0, 0, 0, 0, 0, 0, 0, 0, 0, 0, 0, 0, 0, 0, 0, 0, 0, 0, 0, 0, 0, 0, 0, 0, 0, 0, 0, 0, 0, 0, 0, 0, 0, 0, 0, 0, 0, 0, 0, -1]
Stats: total_clusters=1, target_cluster_size=56, smallest_cluster_size=56, outliers=1, changed_cluster_points=1

Timestamp: 47
Points: [(2.69, 2.65, 1.58), (3.09, 2.91, 1.26), (2.72, 2.64, 1.86), (2.68, 2.6, 1.67), (3.1, 2.87, 1.51), (2.67, 2.55, 1.77), (3.13, 2.39, 1.7), (3.26, 2.74, 1.59), (3.19, 2.55, 2.07), (3.24, 2.86, 1.48), (3.06, 2.34, 2.01), (3.22, 3.09, 1.49), (2.84, 2.56, 1.69), (2.81, 2.68, 1.62), (2.77, 2.99, 1.48), (2.56, 2.56, 1.81), (2.7, 2.95, 1.52), (2.89, 3.36, 1.17), (2.75, 2.72, 2.09), (2.93, 2.8, 1.4), (3.02, 2.66, 1.66), (3.13, 2.67, 1.21), (2.96, 3.08, 1.28), (3.02, 2.43, 1.23), (3.26, 2.9, 1.57), (2.35, 2.59, 1.64), (2.57, 2.64, 1.68), (2.56, 2.31, 1.11), (3.02, 2.59, 1.71), (2.96, 3.2, 1.18), (3.02, 2.53, 1.64), (2.96, 2.48, 1.45), (2.95, 2.58, 1.67), (2.68, 3.25, 1.72), (3.02, 3.44, 1.41), (3.09, 2.78, 1.69), (3.31, 2.86, 1.75), (2.8, 2.68, 1.9), (3.08, 2.79, 1.3), (3.18, 2.53, 1.22), (2.96, 2.13, 1.64), (3.03, 2.64, 1.42), (2.9, 2.53, 1.53), (2.87, 2.76, 1.45), (2.85, 2.8, 1.68), (4.56, 0.58, 3.49), (-0.02, 1.01, 2.18)]
Labels: [0, 0, 0, 0, 0, 0, 0, 0, 0, 0, 0, 0, 0, 0, 0, 0, 0, 0, 0, 0, 0, 0, 0, 0, 0, 0, 0, 0, 0, 0, 0, 0, 0, 0, 0, 0, 0, 0, 0, 0, 0, 0, 0, 0, 0, -1, -1]
Stats: total_clusters=1, target_cluster_size=45, smallest_cluster_size=45, outliers=2, changed_cluster_points=2

Timestamp: 48
Points: [(2.91, 2.48, 1.22), (2.72, 2.93, 1.32), (2.61, 2.59, 1.47), (2.66, 2.45, 2.01), (2.74, 2.66, 1.39), (2.85, 2.9, 1.72), (2.87, 2.43, 1.8), (2.93, 3.18, 0.92), (3.0, 3.22, 1.39), (2.89, 2.82, 1.34), (2.87, 2.66, 1.32), (3.26, 2.86, 1.54), (3.15, 2.68, 1.28), (2.8, 2.74, 1.21), (2.83, 2.61, 2.01), (2.26, 2.7, 1.91), (2.98, 2.93, 1.5), (2.78, 2.18, 1.53), (2.76, 2.54, 1.35), (3.39, 3.34, 1.53), (2.84, 2.45, 1.6), (3.4, 2.68, 0.88), (3.12, 2.99, 1.08), (3.0, 2.86, 1.46), (2.75, 3.0, 1.38), (2.58, 2.23, 1.79), (3.11, 2.76, 1.37), (2.82, 2.47, 1.37), (2.42, 2.56, 1.4), (3.1, 2.73, 1.68), (3.29, 3.01, 1.6), (2.95, 2.5, 1.66), (3.37, 2.83, 1.96), (2.57, 2.45, 1.69), (3.02, 3.07, 1.47), (2.73, 2.69, 1.1), (2.67, 2.99, 1.7), (3.04, 2.31, 1.39), (2.64, 3.04, 1.33), (2.68, 2.75, 1.32), (3.32, 2.56, 1.13), (2.41, 2.74, 1.34), (2.59, 3.04, 1.65), (2.94, 3.08, 1.64), (2.75, 2.48, 1.68), (3.05, 2.79, 1.27), (2.6, 0.17, 0.82), (4.4, 2.06, 0.46), (3.52, 4.98, -1.24), (2.26, 0.69, 2.65)]
Labels: [0, 0, 0, 0, 0, 0, 0, 0, 0, 0, 0, 0, 0, 0, 0, 0, 0, 0, 0, 0, 0, 0, 0, 0, 0, 0, 0, 0, 0, 0, 0, 0, 0, 0, 0, 0, 0, 0, 0, 0, 0, 0, 0, 0, 0, 0, -1, -1, -1, -1]
Stats: total_clusters=1, target_cluster_size=46, smallest_cluster_size=46, outliers=4, changed_cluster_points=4

Timestamp: 49
Points: [(3.29, 2.86, 1.33), (3.11, 2.59, 1.54), (2.66, 2.76, 1.77), (2.9, 3.02, 2.25), (2.97, 2.91, 1.59), (3.03, 2.95, 1.41), (2.81, 2.37, 1.39), (3.2, 2.52, 1.53), (2.94, 2.6, 1.01), (3.31, 2.88, 2.14), (3.24, 3.09, 1.04), (2.53, 2.76, 1.19), (2.8, 3.38, 1.77), (2.74, 2.16, 1.22), (2.83, 2.67, 1.15), (3.26, 2.57, 1.64), (2.99, 2.99, 1.41), (2.74, 2.6, 1.33), (3.49, 2.77, 1.47), (3.19, 2.75, 1.75), (2.88, 2.63, 1.23), (3.44, 2.73, 1.18), (3.02, 2.59, 1.38), (3.05, 3.13, 1.5), (2.8, 2.63, 1.64), (2.48, 2.49, 1.53), (2.55, 2.67, 1.35), (3.19, 2.69, 1.77), (2.99, 3.2, 1.13), (3.38, 2.65, 1.84), (3.27, 2.04, 1.59), (3.22, 3.08, 1.18), (3.12, 2.8, 1.58), (3.22, 3.04, 1.31), (3.04, 2.76, 1.41), (2.94, 2.8, 1.32), (3.19, 3.07, 1.27), (3.3, 2.55, 1.7), (3.3, 2.73, 1.27), (4.06, 2.95, 1.56), (1.51, -0.04, 0.93), (0.61, 5.19, -1.28)]
Labels: [0, 0, 0, 0, 0, 0, 0, 0, 0, 0, 0, 0, 0, 0, 0, 0, 0, 0, 0, 0, 0, 0, 0, 0, 0, 0, 0, 0, 0, 0, 0, 0, 0, 0, 0, 0, 0, 0, 0, -1, -1, -1]
Stats: total_clusters=1, target_cluster_size=39, smallest_cluster_size=39, outliers=3, changed_cluster_points=1

Timestamp: 50
Points: [(3.02, 2.35, 2.15), (3.12, 2.83, 1.62), (3.17, 2.74, 1.31), (3.14, 2.87, 1.27), (3.35, 2.85, 1.65), (3.34, 2.78, 1.55), (3.19, 2.59, 1.48), (3.02, 2.53, 2.05), (2.64, 2.45, 1.8), (3.17, 2.52, 1.62), (3.36, 2.77, 2.12), (2.56, 2.95, 1.76), (3.21, 2.72, 1.4), (3.1, 2.98, 1.62), (3.25, 2.52, 1.41), (2.76, 2.68, 1.72), (3.02, 3.42, 1.52), (3.01, 2.8, 1.31), (2.98, 3.05, 1.5), (2.79, 2.54, 1.36), (3.01, 3.07, 1.13), (2.91, 2.81, 1.01), (2.78, 2.6, 1.27), (3.04, 2.73, 1.33), (3.1, 3.2, 1.88), (2.51, 2.92, 1.43), (3.03, 2.67, 1.5), (3.03, 2.63, 1.25), (2.88, 2.83, 1.62), (3.2, 2.65, 1.54), (3.23, 3.06, 1.45), (2.94, 2.82, 1.18), (2.94, 2.96, 1.63), (2.92, 2.83, 1.26), (3.17, 2.75, 1.4), (2.9, 2.76, 1.36), (3.16, 2.67, 1.87), (3.36, 2.55, 1.49), (2.83, 2.69, 1.97), (2.91, 2.86, 1.61), (2.74, 2.56, 1.17), (2.77, 2.06, 1.61), (3.5, 2.81, 1.12), (2.83, 2.66, 1.22), (4.44, 4.31, 2.47), (1.4, 3.3, 1.89), (2.9, 3.07, 1.42)]
Labels: [0, 0, 0, 0, 0, 0, 0, 0, 0, 0, 0, 0, 0, 0, 0, 0, 0, 0, 0, 0, 0, 0, 0, 0, 0, 0, 0, 0, 0, 0, 0, 0, 0, 0, 0, 0, 0, 0, 0, 0, 0, 0, 0, 0, -1, -1, 0]
Stats: total_clusters=1, target_cluster_size=45, smallest_cluster_size=45, outliers=2, changed_cluster_points=1

Timestamp: 51
Points: [(3.11, 2.8, 1.47), (2.98, 3.09, 1.08), (2.62, 2.56, 1.53), (3.46, 3.01, 1.6), (2.99, 2.46, 1.59), (3.51, 2.73, 1.32), (2.95, 2.94, 1.48), (3.24, 2.78, 1.4), (3.07, 2.65, 1.89), (3.21, 2.51, 1.27), (3.15, 2.84, 1.53), (2.96, 2.9, 1.41), (3.15, 2.98, 1.86), (2.88, 2.79, 1.15), (3.46, 2.3, 1.88), (3.03, 2.89, 1.42), (3.02, 2.94, 1.05), (2.85, 2.58, 1.57), (3.01, 2.94, 1.5), (3.27, 2.6, 1.47), (3.29, 3.02, 1.09), (2.75, 2.77, 1.4), (2.99, 2.99, 1.53), (3.1, 2.96, 1.73), (2.24, 2.69, 1.24), (3.13, 2.67, 1.48), (3.22, 2.64, 1.55), (3.4, 3.0, 1.06), (2.94, 2.88, 1.59), (2.95, 2.63, 1.47), (2.74, 3.06, 1.92), (3.11, 2.73, 1.69), (3.2, 2.72, 1.44), (2.86, 2.83, 1.53), (2.81, 2.52, 1.13), (3.11, 2.79, 1.44), (3.12, 2.56, 1.19), (3.07, 2.36, 1.39), (3.62, 2.45, 1.35), (2.48, 2.73, 1.95), (3.13, 2.64, 2.0), (2.57, 2.9, 1.47), (2.95, 2.99, 1.16), (3.09, 2.84, 1.24), (3.5, 2.74, 1.42), (2.75, 2.75, 2.04), (2.95, 2.92, 1.69), (0.4, 1.63, 0.18), (5.5, 5.0, 0.68), (0.44, 5.15, 3.79)]
Labels: [0, 0, 0, 0, 0, 0, 0, 0, 0, 0, 0, 0, 0, 0, 0, 0, 0, 0, 0, 0, 0, 0, 0, 0, 0, 0, 0, 0, 0, 0, 0, 0, 0, 0, 0, 0, 0, 0, 0, 0, 0, 0, 0, 0, 0, 0, 0, -1, -1, -1]
Stats: total_clusters=1, target_cluster_size=47, smallest_cluster_size=47, outliers=3, changed_cluster_points=0

Timestamp: 52
Points: [(2.7, 2.45, 1.34), (3.11, 2.76, 1.5), (3.34, 2.68, 2.03), (3.22, 2.76, 1.39), (2.78, 2.8, 0.91), (3.34, 2.11, 1.46), (2.74, 2.64, 1.3), (3.51, 2.53, 1.67), (3.32, 2.23, 1.29), (3.4, 2.48, 1.75), (3.02, 2.8, 1.46), (3.11, 2.57, 1.38), (3.12, 2.85, 1.53), (2.85, 2.97, 1.48), (2.63, 2.68, 1.22), (2.8, 2.69, 1.6), (2.87, 2.87, 1.46), (2.83, 2.72, 1.66), (3.07, 2.95, 1.76), (3.14, 2.33, 1.51), (2.87, 3.26, 1.55), (2.88, 2.95, 1.47), (2.6, 3.03, 1.34), (3.38, 2.78, 1.81), (3.13, 3.05, 1.32), (3.12, 2.38, 1.41), (2.66, 2.52, 1.22), (3.19, 2.77, 1.45), (2.98, 3.08, 1.45), (3.09, 2.67, 1.73), (3.33, 2.8, 1.3), (2.62, 2.59, 0.9), (2.8, 2.9, 1.43), (3.61, 2.72, 1.33), (3.29, 2.33, 1.08), (3.19, 2.76, 1.4), (2.79, 2.87, 1.24), (3.05, 2.52, 1.4), (3.53, 2.7, 1.41), (2.98, 2.85, 1.56), (3.09, 2.88, 1.4), (3.05, 2.76, 0.99), (3.69, 2.99, 1.2), (3.09, 2.47, 1.32), (2.66, 2.8, 1.05), (3.13, 2.98, 1.24), (3.07, 2.59, 1.57), (2.86, 3.01, 0.99), (2.78, 2.53, 1.5), (3.17, 2.88, 1.32), (2.33, 2.82, 1.64), (3.7, 2.7, 1.28), (3.11, 2.75, 1.77), (2.83, 2.75, 1.67), (5.35, 5.56, 3.65)]
Labels: [0, 0, 0, 0, 0, 0, 0, 0, 0, 0, 0, 0, 0, 0, 0, 0, 0, 0, 0, 0, 0, 0, 0, 0, 0, 0, 0, 0, 0, 0, 0, 0, 0, 0, 0, 0, 0, 0, 0, 0, 0, 0, 0, 0, 0, 0, 0, 0, 0, 0, 0, 0, 0, 0, -1]
Stats: total_clusters=1, target_cluster_size=54, smallest_cluster_size=54, outliers=1, changed_cluster_points=0

Timestamp: 53
Points: [(2.72, 2.96, 1.34), (3.03, 2.83, 1.46), (3.3, 2.97, 1.96), (3.6, 2.83, 0.48), (3.36, 2.67, 1.24), (2.95, 2.7, 1.59), (2.66, 2.54, 1.52), (3.2, 2.97, 1.24), (2.8, 2.68, 1.5), (3.42, 2.3, 1.38), (2.71, 2.4, 1.68), (3.18, 2.92, 1.67), (2.93, 2.7, 1.98), (2.99, 2.99, 1.44), (2.58, 2.3, 1.29), (3.31, 3.01, 1.67), (2.8, 3.21, 1.2), (3.1, 2.81, 1.39), (3.38, 2.63, 1.1), (3.05, 2.71, 2.28), (3.22, 2.71, 1.17), (2.58, 2.55, 1.47), (3.4, 3.09, 1.5), (2.97, 2.88, 1.31), (3.48, 2.76, 1.42), (2.49, 2.76, 1.65), (2.78, 2.62, 1.64), (2.68, 3.07, 1.3), (2.95, 2.53, 1.53), (3.66, 3.0, 1.22), (3.33, 2.73, 1.78), (3.61, 1.49, 2.28), (3.65, 2.42, 2.28), (3.18, 1.8, 2.56), (4.03, 2.61, 3.24), (3.63, 2.68, 3.18), (3.48, 2.31, 2.89), (3.8, 2.23, 2.37), (3.41, 2.62, 2.82), (2.94, 2.94, 2.39), (3.29, 2.1, 3.39), (3.44, 2.12, 2.84), (3.6, 2.31, 2.84), (3.12, 2.22, 1.98), (2.97, 2.91, 3.08), (3.39, 2.87, 2.53), (3.3, 2.39, 2.55), (3.3, 2.71, 2.63), (3.58, 2.68, 2.7), (3.08, 1.97, 2.63), (3.32, 2.4, 2.58), (4.14, 1.97, 1.99), (3.47, 2.26, 2.68), (3.54, 2.76, 2.13), (2.97, 2.65, 1.38), (4.35, -0.26, 2.47), (1.38, 5.48, 0.84), (2.1, 5.32, 1.42)]
Labels: [0, 0, 0, -1, 0, 0, 0, 0, 0, 0, 0, 0, 0, 0, 0, 0, 0, 0, 0, 0, 0, 0, 0, 0, 0, 0, 0, 0, 0, 0, 0, -1, 0, 0, 0, 0, 0, 0, 0, 0, -1, 0, 0, -1, -1, 0, 0, 0, 0, 0, 0, -1, 0, 0, 0, -1, -1, -1]
Stats: total_clusters=1, target_cluster_size=49, smallest_cluster_size=49, outliers=9, changed_cluster_points=9

Timestamp: 54
Points: [(2.97, 2.84, 1.03), (2.86, 2.77, 1.45), (3.74, 2.73, 1.08), (3.49, 3.1, 1.14), (3.18, 3.04, 1.47), (3.15, 2.67, 1.55), (2.94, 2.17, 1.48), (2.65, 3.08, 1.15), (2.45, 2.38, 1.42), (3.11, 2.47, 1.16), (3.06, 3.07, 1.13), (3.16, 2.39, 1.51), (3.25, 2.96, 1.68), (3.3, 3.29, 1.46), (3.53, 2.59, 1.38), (3.04, 2.57, 0.84), (3.28, 2.59, 1.33), (3.46, 2.97, 1.86), (3.1, 2.97, 1.37), (2.85, 2.96, 1.32), (3.23, 2.68, 1.38), (3.04, 3.1, 1.32), (3.36, 2.6, 1.5), (2.89, 3.11, 1.22), (2.89, 2.51, 1.45), (3.21, 2.95, 1.39), (2.9, 2.76, 1.37), (3.13, 2.87, 1.86), (3.08, 2.92, 1.45), (2.98, 2.92, 1.32), (3.05, 3.12, 1.31), (3.16, 2.21, 1.38), (3.26, 2.44, 2.53), (3.45, 2.29, 2.72), (2.89, 2.43, 2.32), (3.75, 2.11, 2.9), (3.4, 1.85, 2.34), (3.66, 2.64, 2.21), (3.87, 2.39, 2.87), (2.97, 2.63, 1.81), (6.14, 2.63, 5.01), (4.55, 4.04, -0.96), (1.46, -0.54, 3.57)]
Labels: [0, 0, 0, 0, 0, 0, 0, 0, 0, 0, 0, 0, 0, 0, 0, 0, 0, 0, 0, 0, 0, 0, 0, 0, 0, 0, 0, 0, 0, 0, 0, 0, -1, -1, -1, -1, -1, -1, -1, 0, -1, -1, -1]
Stats: total_clusters=1, target_cluster_size=33, smallest_cluster_size=33, outliers=10, changed_cluster_points=9

Timestamp: 55
Points: [(3.12, 2.99, 1.28), (3.13, 2.71, 1.2), (3.46, 2.89, 1.14), (2.74, 2.63, 1.2), (3.12, 2.96, 1.53), (2.9, 3.07, 1.72), (3.02, 2.58, 1.44), (3.62, 2.58, 1.28), (3.1, 2.98, 0.92), (3.41, 3.16, 1.31), (3.76, 3.15, 1.71), (3.38, 3.13, 1.41), (3.05, 2.6, 1.27), (3.01, 2.86, 1.81), (2.56, 3.18, 1.16), (3.06, 2.66, 1.88), (2.96, 2.97, 1.56), (2.79, 2.82, 1.71), (2.87, 3.05, 1.33), (3.38, 3.28, 0.91), (2.75, 2.73, 1.78), (3.22, 2.53, 1.58), (3.15, 2.7, 2.78), (3.15, 2.42, 2.98), (2.86, 2.53, 2.28), (3.42, 2.57, 3.22), (3.42, 2.88, 2.36), (3.28, 2.61, 2.68), (3.33, 2.33, 3.02), (3.34, 2.13, 2.36), (3.63, 3.11, 2.46), (4.07, 2.43, 2.53), (3.15, 2.38, 2.39), (3.18, 1.94, 3.15), (3.75, 2.52, 2.57), (3.43, 2.2, 2.28), (3.64, 2.36, 2.71), (2.93, 2.34, 2.27), (3.57, 2.73, 3.05), (3.24, 2.1, 2.49), (3.22, 2.57, 2.2), (2.9, 2.33, 2.83), (3.12, 2.69, 2.73), (3.89, 2.2, 2.13), (3.61, 2.52, 2.68), (3.11, 2.67, 2.43), (3.49, 2.3, 2.72), (3.07, 2.59, 2.81), (3.46, 2.93, 2.68), (3.7, 2.46, 2.86), (2.97, 2.45, 2.28), (3.47, 2.55, 2.86), (3.57, 2.34, 2.39), (2.76, 2.89, 1.54), (2.61, 5.54, 3.48), (0.35, 5.24, 1.9)]
Labels: [0, 0, 0, 0, 0, 0, 0, 0, 0, 0, 0, 0, 0, 0, 0, 0, 0, 0, 0, 0, 0, 0, 0, 0, 0, 0, 0, 0, 0, 0, 0, 0, 0, 0, 0, 0, 0, 0, 0, 0, 0, 0, 0, 0, 0, 0, 0, 0, 0, 0, 0, 0, 0, 0, -1, -1]
Stats: total_clusters=1, target_cluster_size=54, smallest_cluster_size=54, outliers=2, changed_cluster_points=33

Timestamp: 56
Points: [(2.76, 2.43, 1.49), (2.89, 3.13, 0.98), (3.35, 3.06, 1.43), (2.59, 2.42, 1.46), (3.05, 3.03, 1.38), (3.07, 2.25, 1.6), (2.95, 2.75, 1.13), (2.73, 3.22, 1.6), (3.32, 2.8, 0.96), (3.64, 2.96, 1.43), (3.02, 2.34, 1.68), (2.85, 2.99, 1.59), (3.2, 2.97, 1.73), (2.91, 2.89, 1.34), (2.65, 2.92, 1.71), (3.46, 3.32, 0.95), (3.52, 2.9, 1.8), (3.01, 2.72, 1.09), (3.31, 2.98, 1.12), (2.57, 2.96, 1.53), (2.87, 2.56, 1.56), (3.58, 2.73, 1.18), (3.19, 3.01, 1.31), (3.62, 3.08, 1.3), (2.71, 3.18, 1.69), (3.04, 2.94, 1.36), (3.24, 2.6, 1.1), (3.32, 3.09, 1.27), (2.93, 3.14, 1.22), (3.13, 2.84, 1.03), (3.16, 2.88, 1.49), (3.15, 3.39, 1.69), (3.12, 2.89, 1.84), (3.33, 2.55, 1.63), (3.42, 3.26, 1.3), (2.99, 2.62, 1.47), (3.3, 2.72, 1.36), (2.6, 3.23, 1.01), (3.21, 2.91, 1.41), (3.13, 2.6, 1.31), (3.35, 3.17, 1.29), (2.72, 2.66, 1.86), (2.93, 2.83, 1.75), (2.98, 2.81, 1.59), (3.54, 2.69, 1.74), (3.38, 2.21, 2.71), (3.26, 2.61, 2.28), (4.37, -0.4, 2.03)]
Labels: [0, 0, 0, 0, 0, 0, 0, 0, 0, 0, 0, 0, 0, 0, 0, 0, 0, 0, 0, 0, 0, 0, 0, 0, 0, 0, 0, 0, 0, 0, 0, 0, 0, 0, 0, 0, 0, 0, 0, 0, 0, 0, 0, 0, 0, -1, -1, -1]
Stats: total_clusters=1, target_cluster_size=45, smallest_cluster_size=45, outliers=3, changed_cluster_points=3

Timestamp: 57
Points: [(3.14, 3.08, 1.32), (2.89, 2.63, 1.61), (2.74, 3.29, 1.27), (3.2, 3.04, 1.22), (3.01, 2.9, 1.17), (2.86, 2.62, 1.69), (3.22, 2.67, 1.6), (2.94, 2.38, 1.56), (3.53, 3.01, 0.91), (3.12, 2.8, 1.48), (2.91, 2.79, 1.03), (3.18, 2.52, 1.5), (2.94, 2.08, 1.58), (3.25, 3.21, 0.86), (2.96, 2.9, 1.53), (2.76, 2.98, 1.24), (2.66, 2.68, 1.51), (2.67, 3.03, 1.46), (3.06, 2.46, 1.0), (3.02, 2.59, 1.3), (3.35, 2.8, 1.31), (3.05, 3.12, 1.71), (3.23, 2.9, 1.44), (3.48, 2.99, 1.77), (3.02, 2.53, 1.22), (2.98, 3.27, 1.57), (2.96, 3.07, 1.35), (3.53, 2.79, 1.0), (3.08, 2.79, 1.05), (3.27, 3.22, 1.11), (3.37, 2.72, 1.38), (3.09, 2.86, 1.5), (2.87, 3.19, 1.51), (3.33, 2.67, 1.11), (3.42, 2.58, 1.42), (3.38, 2.84, 1.68), (3.05, 2.55, 1.48), (3.17, 3.54, 1.15), (3.41, 2.28, 2.61), (3.43, 2.24, 2.79), (3.42, 2.9, 2.46), (4.05, 2.58, 3.03), (3.52, 2.27, 2.57), (3.07, 2.47, 2.7), (3.48, 2.64, 2.65), (2.84, 1.62, 4.93), (0.75, 0.25, 0.56), (6.23, 3.53, 2.41)]
Labels: [0, 0, 0, 0, 0, 0, 0, 0, 0, 0, 0, 0, 0, 0, 0, 0, 0, 0, 0, 0, 0, 0, 0, 0, 0, 0, 0, 0, 0, 0, 0, 0, 0, 0, 0, 0, 0, 0, 1, 1, 1, -1, 1, 1, 1, -1, -1, -1]
Stats: total_clusters=2, target_cluster_size=38, smallest_cluster_size=6, outliers=4, changed_cluster_points=7

Timestamp: 58
Points: [(3.18, 2.61, 1.14), (2.74, 2.97, 1.34), (2.86, 3.11, 1.62), (3.24, 3.18, 1.29), (3.22, 2.8, 1.0), (3.19, 2.93, 1.37), (3.23, 3.24, 1.33), (2.9, 2.83, 1.34), (3.39, 2.91, 1.09), (3.34, 3.05, 1.4), (3.38, 3.17, 1.28), (2.92, 2.88, 1.51), (3.11, 2.64, 1.42), (2.63, 2.81, 1.59), (3.37, 1.95, 1.33), (3.29, 2.59, 1.28), (3.44, 2.77, 1.78), (2.95, 3.24, 1.39), (2.92, 3.24, 1.08), (2.94, 3.01, 1.4), (3.21, 2.8, 1.08), (2.98, 3.22, 1.04), (3.55, 2.97, 1.23), (2.64, 2.42, 1.29), (3.02, 2.92, 1.81), (3.67, 2.5, 3.03), (3.56, 3.02, 2.46), (3.17, 1.94, 2.63), (3.14, 2.16, 2.97), (2.99, 2.57, 2.64), (3.54, 2.95, 2.41), (3.93, 2.01, 2.86), (3.95, 1.32, 2.65), (3.48, 2.56, 3.18), (3.28, 2.18, 2.69), (3.85, 2.71, 2.67), (3.44, 1.94, 2.84), (3.72, 2.33, 2.52), (3.2, 2.8, 2.55), (3.47, 2.73, 2.76), (3.68, 2.59, 2.72), (3.57, 2.68, 2.81), (3.14, 2.36, 2.6), (3.65, 3.02, 2.42), (3.77, 2.37, 3.07), (4.08, 2.02, 2.56), (2.81, 2.03, 2.17), (3.7, 2.67, 2.9), (3.69, 2.69, 2.7), (3.47, 2.85, 2.67), (3.67, 1.84, 2.31), (3.8, 2.34, 2.24), (3.7, 2.54, 2.54), (3.96, 2.94, 2.61), (3.73, 1.87, 2.99), (3.18, 2.1, 2.13), (3.35, 3.12, 1.69), (1.65, 2.73, 0.35), (6.18, 2.48, -1.19)]
Labels: [0, 0, 0, 0, 0, 0, 0, 0, 0, 0, 0, 0, 0, 0, -1, 0, 0, 0, 0, 0, 0, 0, 0, 0, 0, 1, 1, 1, 1, 1, 1, 1, -1, 1, 1, 1, 1, 1, 1, 1, 1, 1, 1, 1, 1, 1, -1, 1, 1, 1, -1, 1, 1, 1, 1, -1, 0, -1, -1]
Stats: total_clusters=2, target_cluster_size=27, smallest_cluster_size=25, outliers=7, changed_cluster_points=10

Timestamp: 59
Points: [(2.65, 3.0, 1.36), (3.65, 3.08, 1.1), (2.77, 2.74, 1.41), (2.96, 2.75, 1.38), (3.07, 2.4, 1.64), (3.37, 2.59, 1.38), (2.88, 2.76, 1.49), (3.36, 3.11, 1.43), (3.48, 2.76, 1.27), (2.51, 2.89, 1.51), (3.23, 2.75, 1.58), (3.14, 3.1, 1.49), (3.51, 2.99, 1.52), (3.14, 2.78, 1.49), (3.53, 2.76, 1.31), (3.16, 3.08, 1.46), (3.39, 3.4, 1.21), (3.31, 2.99, 1.37), (3.31, 2.84, 1.45), (2.83, 2.78, 1.63), (3.41, 2.97, 1.26), (3.36, 3.22, 1.27), (2.79, 3.02, 1.6), (3.3, 3.3, 1.76), (3.08, 2.96, 1.24), (2.9, 2.67, 1.55), (3.23, 3.13, 2.0), (3.28, 2.71, 1.63), (2.96, 3.35, 0.88), (3.02, 3.07, 1.66), (2.99, 2.7, 1.41), (3.64, 2.53, 1.29), (3.22, 2.71, 1.17), (3.1, 2.98, 1.32), (3.52, 3.06, 1.46), (3.41, 3.01, 1.26), (3.09, 2.63, 1.87), (3.39, 2.27, 1.7), (2.79, 3.04, 0.82), (3.05, 3.24, 1.72), (3.23, 3.11, 1.02), (3.29, 3.12, 2.01), (3.0, 2.91, 1.39), (3.33, 3.13, 1.63), (3.4, 2.54, 0.72), (3.03, 2.9, 1.22), (3.04, 2.83, 1.51), (3.23, 2.55, 2.65), (3.71, 2.92, 3.18), (3.32, 1.97, 2.6), (3.07, 3.39, 2.41), (3.71, 2.85, 2.78), (4.17, 2.51, 2.42), (3.28, 2.8, 2.62), (3.28, 2.7, 2.89), (3.62, 2.84, 2.7), (3.36, 2.81, 2.41), (3.35, 2.77, 1.43), (4.56, 3.16, -1.06)]
Labels: [0, 0, 0, 0, 0, 0, 0, 0, 0, 0, 0, 0, 0, 0, 0, 0, 0, 0, 0, 0, 0, 0, 0, 0, 0, 0, 0, 0, 0, 0, 0, 0, 0, 0, 0, 0, 0, 0, 0, 0, 0, 0, 0, 0, -1, 0, 0, 1, 1, -1, -1, 1, -1, 1, 1, 1, 1, 0, -1]
Stats: total_clusters=2, target_cluster_size=47, smallest_cluster_size=7, outliers=5, changed_cluster_points=28

Timestamp: 60
Points: [(3.05, 2.85, 1.19), (3.06, 3.15, 1.42), (3.05, 2.81, 1.33), (3.16, 2.9, 1.58), (3.23, 2.98, 1.71), (3.65, 2.61, 0.96), (3.09, 3.12, 1.45), (3.44, 2.82, 0.87), (2.84, 3.06, 1.62), (2.7, 3.27, 1.47), (3.16, 2.76, 1.76), (3.4, 3.04, 1.18), (3.58, 2.93, 1.43), (3.2, 2.73, 1.44), (3.35, 2.81, 1.42), (3.19, 3.15, 1.28), (3.23, 3.03, 1.28), (2.97, 2.75, 1.46), (3.12, 2.86, 1.51), (3.43, 3.22, 1.2), (3.41, 3.44, 1.39), (3.16, 2.85, 1.09), (3.39, 2.9, 1.32), (3.35, 3.12, 1.21), (3.03, 2.77, 1.89), (3.55, 3.1, 1.26), (3.11, 3.01, 1.91), (3.25, 3.05, 0.72), (3.24, 2.57, 1.24), (3.19, 2.84, 1.2), (3.02, 2.87, 1.29), (3.18, 2.91, 1.68), (2.66, 2.98, 1.38), (3.14, 2.74, 1.32), (2.77, 2.97, 1.46), (3.0, 3.41, 1.33), (3.19, 3.25, 1.89), (2.9, 2.78, 1.33), (2.99, 3.13, 1.14), (3.49, 3.08, 1.65), (3.32, 2.49, 2.96), (3.78, 2.52, 2.65), (3.44, 2.55, 2.4), (3.23, 2.9, 2.63), (3.92, 2.78, 2.78), (3.36, 2.24, 2.55), (4.03, 2.87, 2.52), (3.44, 2.32, 2.22), (3.6, 3.12, 3.21), (3.75, 2.42, 2.25), (3.88, 2.74, 2.59), (3.42, 2.78, 2.44), (3.64, 2.24, 3.36), (3.36, 2.8, 2.33), (3.52, 2.87, 3.02), (3.8, 2.56, 2.49), (3.05, 2.73, 1.41), (2.59, 3.57, 2.37), (1.65, 1.77, 2.86), (5.68, 4.36, 2.41)]
Labels: [0, 0, 0, 0, 0, 0, 0, 0, 0, 0, 0, 0, 0, 0, 0, 0, 0, 0, 0, 0, 0, 0, 0, 0, 0, 0, 0, 0, 0, 0, 0, 0, 0, 0, 0, 0, 0, 0, 0, 0, 1, 1, 1, 1, 1, 1, 1, 1, 1, 1, 1, 1, -1, 1, 1, 1, 0, -1, -1, -1]
Stats: total_clusters=2, target_cluster_size=41, smallest_cluster_size=15, outliers=4, changed_cluster_points=7

Timestamp: 61
Points: [(3.5, 2.49, 1.59), (3.34, 2.61, 1.41), (3.2, 2.83, 0.62), (3.03, 3.02, 1.2), (3.14, 3.32, 1.32), (2.67, 2.9, 1.37), (2.99, 3.13, 0.98), (3.16, 2.57, 1.27), (3.37, 2.9, 1.29), (3.62, 2.66, 2.91), (3.82, 3.06, 2.76), (3.11, 2.9, 3.11), (4.35, 3.07, 2.56), (3.67, 2.56, 2.58), (3.58, 3.02, 2.23), (3.31, 3.0, 3.14), (3.41, 3.13, 3.0), (3.53, 1.91, 2.21), (3.41, 2.87, 2.93), (3.47, 2.57, 2.7), (3.55, 2.69, 2.7), (3.11, 2.58, 2.7), (3.91, 2.39, 2.77), (3.78, 2.59, 2.18), (3.91, 2.86, 2.77), (3.62, 2.1, 2.94), (4.06, 2.3, 3.11), (3.95, 2.29, 2.59), (3.19, 2.62, 2.84), (3.22, 2.75, 2.9), (3.81, 2.77, 2.34), (3.58, 2.74, 3.14), (3.61, 2.77, 2.43), (3.27, 2.25, 2.58), (4.23, 2.52, 2.82), (3.78, 2.31, 2.58), (3.8, 2.77, 2.11), (3.79, 2.47, 2.55), (3.73, 3.09, 2.65), (3.97, 2.21, 2.75), (3.45, 2.72, 2.62), (3.21, 2.37, 2.21), (3.22, 2.78, 2.63), (3.68, 3.18, 2.62), (3.8, 2.65, 3.53), (2.16, 1.08, 3.25), (2.95, 1.53, 3.0), (3.52, 0.93, 3.08), (3.53, 2.37, 2.91), (0.22, 0.31, 2.47), (3.62, 3.18, 0.67), (3.66, -0.23, -0.22)]
Labels: [0, 0, -1, 0, 0, 0, 0, 0, 0, 1, 1, 1, -1, 1, 1, 1, 1, -1, 1, 1, 1, 1, 1, 1, 1, 1, 1, 1, 1, 1, 1, 1, 1, 1, 1, 1, 1, 1, 1, 1, 1, 1, 1, 1, 1, -1, -1, -1, 1, -1, -1, -1]
Stats: total_clusters=2, target_cluster_size=35, smallest_cluster_size=8, outliers=9, changed_cluster_points=9

Timestamp: 62
Points: [(3.25, 2.56, 1.42), (3.2, 3.11, 1.07), (3.08, 3.12, 1.2), (3.4, 3.01, 1.21), (3.13, 2.96, 1.27), (3.39, 2.87, 1.18), (3.44, 2.85, 1.19), (2.59, 2.7, 1.11), (3.07, 2.78, 1.57), (3.02, 2.78, 1.36), (2.93, 3.35, 1.52), (2.92, 3.21, 1.63), (2.92, 2.67, 1.17), (2.86, 2.76, 1.22), (3.79, 2.7, 2.68), (3.49, 2.28, 2.9), (3.81, 2.49, 2.39), (4.1, 2.74, 2.84), (3.77, 2.31, 3.17), (3.51, 2.92, 3.16), (3.66, 2.32, 1.98), (3.62, 2.75, 2.55), (3.68, 2.8, 3.02), (3.57, 2.66, 2.67), (3.65, 2.52, 2.57), (3.5, 2.72, 2.47), (3.5, 3.21, 2.99), (3.35, 2.93, 2.91), (3.6, 2.46, 2.48), (3.7, 2.42, 3.05), (4.05, 2.66, 3.07), (3.51, 2.46, 3.06), (4.11, 3.26, 2.82), (3.89, 2.76, 3.15), (3.77, 2.91, 2.38), (3.09, 1.63, 3.3), (3.48, 1.38, 2.82), (3.15, 1.36, 3.13), (2.83, 1.25, 3.02), (2.38, 1.63, 3.1), (3.26, 1.16, 3.25), (3.79, 2.31, 2.82), (2.7, -0.98, 3.16), (3.37, 0.44, 1.98), (5.18, 4.45, 3.34)]
Labels: [0, 0, 0, 0, 0, 0, 0, 0, 0, 0, 0, 0, 0, 0, 1, 1, 1, 1, 1, 1, 1, 1, 1, 1, 1, 1, 1, 1, 1, 1, 1, 1, -1, 1, 1, 2, 2, 2, 2, -1, 2, 1, -1, -1, -1]
Stats: total_clusters=3, target_cluster_size=21, smallest_cluster_size=5, outliers=5, changed_cluster_points=6

Timestamp: 63
Points: [(3.57, 3.17, 1.14), (2.97, 2.8, 0.98), (3.26, 3.18, 1.28), (3.65, 3.42, 1.38), (3.4, 2.75, 1.21), (3.54, 2.83, 1.67), (3.5, 3.16, 1.01), (3.14, 3.14, 1.06), (3.17, 3.16, 1.16), (3.01, 2.53, 1.21), (3.41, 2.76, 1.31), (3.16, 2.81, 1.51), (4.16, 3.0, 2.53), (4.27, 3.0, 2.6), (3.44, 3.04, 2.79), (3.42, 2.66, 2.62), (3.42, 3.01, 2.97), (3.92, 2.95, 2.46), (3.49, 3.14, 2.77), (3.23, 2.77, 2.93), (3.83, 2.42, 3.3), (3.22, 2.74, 3.26), (3.85, 2.95, 2.42), (3.78, 2.69, 2.4), (3.93, 2.46, 2.53), (3.8, 2.66, 2.79), (3.61, 3.13, 2.46), (3.53, 2.85, 2.44), (3.36, 2.74, 3.0), (3.97, 2.73, 2.54), (3.75, 2.87, 2.82), (3.55, 1.0, 2.84), (3.5, 0.83, 2.89), (2.86, 0.8, 3.01), (3.38, 1.4, 3.36), (3.54, 1.22, 4.01), (3.0, 1.28, 2.83), (3.31, 1.25, 3.05), (3.05, 1.27, 3.13), (2.96, 1.21, 3.46), (3.02, 1.48, 2.77), (2.96, 0.92, 3.73), (3.6, 1.56, 3.83), (3.39, 1.29, 3.21), (3.6, 1.04, 2.67), (3.26, 1.14, 2.29), (2.69, 1.24, 3.1), (3.15, 2.05, 3.01), (3.22, 0.78, 3.07), (3.24, 0.87, 2.75), (3.29, 1.16, 3.04), (3.31, 2.06, 3.0), (3.74, 0.66, 3.13), (3.52, 2.37, 2.9), (2.24, 2.02, 2.94), (2.0, 2.87, 0.62)]
Labels: [0, 0, 0, 0, 0, 0, 0, 0, 0, 0, 0, 0, 1, 1, 1, 1, 1, 1, 1, 1, -1, 1, 1, 1, 1, 1, 1, 1, 1, 1, 1, 2, 2, 2, 2, -1, 2, 2, 2, 2, 2, 2, -1, 2, 2, -1, 2, -1, 2, 2, 2, 1, 2, 1, -1, -1]
Stats: total_clusters=3, target_cluster_size=20, smallest_cluster_size=12, outliers=7, changed_cluster_points=8

Timestamp: 64
Points: [(3.07, 3.05, 1.12), (3.63, 2.48, 1.46), (2.98, 2.98, 1.43), (2.84, 3.03, 1.34), (3.61, 3.67, 0.9), (3.59, 2.99, 1.08), (3.33, 2.67, 0.98), (2.81, 3.13, 1.37), (3.04, 3.38, 1.12), (3.56, 3.03, 1.12), (3.21, 2.68, 1.34), (3.25, 3.13, 1.51), (3.27, 2.63, 1.52), (3.71, 2.16, 2.85), (3.21, 1.23, 3.04), (2.87, 1.5, 3.16), (2.76, 1.92, 2.88), (2.13, 1.19, 3.47), (3.0, 0.78, 2.75), (2.7, 1.15, 3.02), (3.25, 1.4, 3.17), (3.7, 1.66, 3.38), (2.44, 1.09, 2.55), (2.81, 1.63, 2.97), (3.45, 1.6, 3.13), (3.46, 1.83, 3.27), (3.16, 1.58, 2.62), (3.03, 1.35, 2.98), (2.8, 1.7, 3.17), (3.17, 1.85, 3.04), (2.94, 1.83, 2.59), (3.09, 1.1, 3.21), (3.27, 1.58, 3.47), (2.99, 1.29, 3.29), (3.39, 0.9, 3.22), (2.94, 1.39, 2.98), (2.82, 1.0, 3.06), (3.2, 1.14, 3.53), (3.94, 1.5, 3.1), (2.76, 1.49, 3.63), (3.76, 1.84, 3.4), (3.22, 0.99, 3.07), (3.0, 1.32, 2.86), (3.34, 1.26, 2.99), (2.82, 1.44, 3.63), (3.07, 1.45, 3.79), (3.5, 1.56, 3.3), (2.86, 1.11, 3.16), (3.13, 1.06, 3.36), (2.98, 1.75, 3.09), (3.02, 1.03, 2.82), (3.54, 1.45, 3.25), (3.63, 0.89, 3.34), (3.19, 3.05, 1.38), (2.22, 0.34, 4.18), (2.5, 3.9, 1.85), (3.7, 2.51, 5.92)]
Labels: [0, 0, 0, 0, -1, 0, 0, 0, 0, 0, 0, 0, 0, -1, 1, 1, 1, -1, 1, 1, 1, 1, -1, 1, 1, 1, 1, 1, 1, 1, 1, 1, 1, 1, 1, 1, 1, 1, 1, 1, 1, 1, 1, 1, 1, 1, 1, 1, 1, 1, 1, 1, 1, 0, -1, -1, -1]
Stats: total_clusters=2, target_cluster_size=37, smallest_cluster_size=13, outliers=7, changed_cluster_points=42

Timestamp: 65
Points: [(3.48, 2.84, 1.05), (3.1, 2.99, 1.33), (3.66, 3.38, 1.49), (3.29, 2.78, 1.7), (3.2, 3.08, 1.43), (3.27, 3.3, 1.39), (3.51, 3.12, 1.27), (3.28, 2.99, 0.96), (3.01, 3.19, 0.96), (3.61, 2.44, 2.63), (2.98, 1.21, 2.63), (2.96, 1.02, 2.91), (3.29, 1.69, 2.68), (3.58, 1.18, 2.92), (2.72, 1.38, 3.83), (2.49, 0.64, 3.23), (3.23, 1.37, 3.34), (2.63, 1.03, 3.18), (3.64, 1.55, 3.35), (2.65, 1.5, 2.72), (3.65, 1.0, 2.86), (2.51, 1.39, 3.15), (3.56, 1.63, 2.86), (3.34, 0.92, 2.88), (3.07, 0.96, 3.51), (3.83, 1.25, 2.91), (2.98, 1.16, 3.23), (2.57, 1.47, 3.8), (2.33, 0.95, 2.98), (3.22, 1.67, 3.42), (2.44, 1.12, 2.82), (3.01, 1.36, 2.66), (2.88, 1.56, 2.91), (2.96, 1.95, 3.83), (2.27, 1.4, 4.16), (3.2, 1.36, 3.59), (3.11, 1.6, 3.06), (3.1, 1.51, 3.44), (2.88, 1.2, 2.46), (2.89, 1.69, 3.3), (2.68, 0.69, 3.08), (3.35, 1.19, 2.63), (2.82, 1.47, 3.57), (2.94, 1.73, 3.46), (2.62, 1.79, 3.24), (2.61, 1.97, 3.09), (2.35, 1.11, 2.8), (2.79, 1.2, 3.04), (2.93, 1.32, 3.34), (2.77, 1.77, 2.71), (3.24, 1.93, 3.07), (3.1, 1.02, 2.96), (3.58, 1.62, 3.28), (2.35, 1.11, 3.74), (3.17, 1.54, 3.19), (3.33, 1.9, 2.82), (1.6, 2.43, -0.82), (3.71, -1.63, 0.82)]
Labels: [0, 0, 0, 0, 0, 0, 0, 0, 0, -1, 1, 1, 1, 1, 1, 1, 1, 1, 1, 1, 1, 1, 1, 1, 1, 1, 1, 1, 1, 1, 1, 1, 1, 1, 1, 1, 1, 1, 1, 1, 1, 1, 1, 1, 1, 1, 1, 1, 1, 1, 1, 1, 1, 1, 1, 1, -1, -1]
Stats: total_clusters=2, target_cluster_size=46, smallest_cluster_size=9, outliers=3, changed_cluster_points=5

Timestamp: 66
Points: [(3.31, 2.99, 0.92), (3.32, 3.26, 0.99), (3.6, 2.63, 1.8), (3.18, 3.06, 0.8), (3.26, 3.08, 1.25), (3.14, 2.78, 1.55), (3.29, 3.4, 1.14), (3.17, 3.22, 0.86), (2.98, 3.29, 0.98), (2.82, 3.49, 0.92), (3.33, 3.04, 0.57), (3.21, 3.13, 1.36), (3.51, 2.92, 1.45), (3.11, 2.67, 0.94), (2.91, 3.27, 0.89), (3.35, 2.95, 1.24), (3.62, 2.91, 1.42), (3.29, 2.98, 1.84), (2.92, 3.34, 1.43), (3.16, 3.43, 0.81), (3.15, 2.72, 1.37), (3.0, 3.13, 1.22), (3.16, 3.12, 1.2), (3.01, 3.72, 1.15), (2.73, 2.81, 0.95), (3.49, 3.1, 1.37), (3.19, 2.95, 1.18), (3.26, 3.23, 1.35), (3.4, 3.14, 1.49), (3.35, 3.11, 1.57), (3.11, 2.8, 0.97), (3.33, 2.56, 1.38), (3.25, 3.3, 1.1), (3.69, 3.13, 3.2), (3.55, 2.85, 2.88), (3.87, 2.71, 3.17), (3.19, 2.67, 2.92), (3.89, 3.2, 3.15), (3.67, 3.18, 2.58), (4.03, 3.34, 3.15), (3.79, 2.69, 2.33), (3.85, 2.46, 2.55), (3.4, 2.65, 2.78), (3.84, 2.61, 3.11), (3.69, 2.56, 2.86), (4.34, 2.89, 2.68), (3.3, 2.73, 2.86), (3.64, 2.29, 2.53), (4.19, 3.22, 2.52), (3.96, 2.44, 3.21), (3.83, 3.08, 2.28), (3.96, 2.79, 3.05), (4.03, 2.81, 2.61), (3.99, 2.77, 2.53), (3.48, 2.35, 2.64), (3.37, 1.43, 2.97), (3.27, 1.08, 3.18), (2.92, 1.64, 2.6), (3.27, 3.14, 1.58), (5.63, 0.7, 1.97)]
Labels: [0, 0, 0, 0, 0, 0, 0, 0, 0, 0, 0, 0, 0, 0, 0, 0, 0, 0, 0, 0, 0, 0, 0, 0, 0, 0, 0, 0, 0, 0, 0, 0, 0, 1, 1, 1, 1, 1, 1, 1, 1, 1, 1, 1, 1, 1, 1, 1, 1, 1, 1, 1, 1, 1, 1, -1, -1, -1, 0, -1]
Stats: total_clusters=2, target_cluster_size=34, smallest_cluster_size=22, outliers=4, changed_cluster_points=26

Timestamp: 67
Points: [(3.16, 3.0, 1.13), (3.6, 3.57, 0.91), (2.82, 2.98, 0.89), (3.32, 3.23, 1.64), (3.35, 2.99, 0.77), (3.31, 3.06, 1.42), (3.13, 2.93, 0.9), (2.73, 2.77, 0.87), (3.39, 2.91, 1.13), (3.06, 2.23, 1.64), (3.05, 2.94, 0.9), (3.55, 3.08, 1.06), (3.21, 3.46, 1.25), (3.26, 2.81, 0.79), (3.26, 3.12, 1.54), (2.74, 2.76, 1.12), (3.3, 3.01, 1.23), (3.41, 2.82, 1.5), (3.41, 2.96, 1.66), (3.69, 3.28, 0.51), (3.7, 3.24, 1.77), (3.61, 3.44, 1.48), (3.64, 3.54, 1.32), (2.91, 2.97, 1.36), (3.32, 2.73, 0.86), (3.12, 3.24, 1.66), (3.53, 3.31, 1.24), (3.27, 2.68, 2.72), (3.64, 2.84, 2.93), (3.24, 1.28, 2.52), (2.77, 1.39, 3.61), (2.74, 1.56, 3.28), (2.96, 1.7, 2.95), (2.74, 1.37, 2.96), (3.12, 1.13, 3.26), (2.91, 1.45, 3.02), (2.82, 1.41, 3.25), (2.94, 1.97, 2.83), (2.92, 0.83, 3.31), (2.55, 1.28, 3.05), (3.04, 1.18, 2.97), (3.44, 1.48, 2.99), (3.17, 2.52, 1.64), (6.43, 5.69, 6.11)]
Labels: [0, 0, 0, 0, 0, 0, 0, 0, 0, -1, 0, 0, 0, 0, 0, 0, 0, 0, 0, -1, 0, 0, 0, 0, 0, 0, 0, -1, -1, -1, 1, 1, 1, 1, 1, 1, 1, 1, 1, 1, 1, -1, 0, -1]
Stats: total_clusters=2, target_cluster_size=26, smallest_cluster_size=11, outliers=7, changed_cluster_points=16

Timestamp: 68
Points: [(3.17, 3.26, 0.81), (3.61, 3.24, 1.05), (3.22, 3.05, 1.03), (3.46, 3.21, 0.9), (3.12, 3.05, 1.54), (3.49, 2.47, 1.19), (3.44, 2.86, 1.04), (3.14, 2.98, 1.01), (3.49, 2.84, 1.0), (3.23, 3.43, 1.39), (3.47, 3.13, 1.02), (3.16, 2.85, 1.53), (3.4, 2.64, 1.62), (3.24, 3.22, 1.52), (2.68, 3.17, 1.19), (2.72, 2.77, 1.14), (3.54, 3.01, 1.3), (3.24, 3.33, 1.39), (3.87, 2.51, 2.85), (4.66, 3.09, 2.6), (4.38, 2.61, 3.03), (3.81, 2.9, 2.88), (3.75, 2.73, 2.42), (3.49, 2.95, 2.61), (3.55, 3.7, 3.56), (4.0, 3.07, 2.57), (2.48, 1.27, 3.21), (3.14, 0.74, 3.96), (2.98, 0.84, 3.26), (2.57, 1.04, 2.84), (2.8, 2.12, 3.24), (3.13, 1.71, 3.16), (2.48, 0.83, 3.07), (3.29, 1.71, 3.3), (3.03, 1.34, 3.04), (2.63, 0.87, 3.84), (3.34, 2.35, 3.44), (4.69, -1.25, 3.9), (3.93, -0.1, -1.35), (0.64, 2.41, 4.29)]
Labels: [0, 0, 0, 0, 0, 0, 0, 0, 0, 0, 0, 0, 0, 0, -1, 0, 0, 0, 1, -1, -1, 1, 1, 1, -1, 1, -1, -1, -1, -1, -1, -1, -1, -1, -1, -1, -1, -1, -1, -1]
Stats: total_clusters=2, target_cluster_size=17, smallest_cluster_size=5, outliers=18, changed_cluster_points=18

Timestamp: 69
Points: [(3.49, 2.97, 1.63), (3.22, 3.0, 1.08), (3.16, 3.34, 0.63), (3.23, 3.12, 1.68), (3.06, 2.74, 1.04), (3.52, 3.1, 0.89), (3.37, 3.46, 1.32), (3.38, 3.12, 1.36), (3.03, 3.01, 1.21), (3.22, 3.24, 1.09), (3.25, 2.75, 1.35), (3.58, 2.98, 1.45), (3.31, 2.44, 1.24), (3.3, 3.09, 1.31), (3.17, 3.44, 1.24), (3.29, 3.25, 1.26), (4.63, 2.82, 2.94), (3.64, 3.14, 2.93), (3.76, 2.62, 2.44), (2.99, 0.9, 3.69), (2.4, 1.33, 2.92), (2.85, 1.4, 3.39), (2.31, 1.12, 3.57), (3.07, 0.51, 3.36), (2.48, 1.18, 3.15), (3.39, 1.02, 2.74), (3.0, 1.38, 3.65), (2.72, 1.81, 3.24), (3.03, 1.96, 3.17), (3.21, 1.17, 3.31), (2.34, 1.21, 2.86), (3.27, 2.0, 3.11), (2.57, 0.93, 3.32), (2.63, 1.2, 3.8), (2.74, 1.6, 3.25), (2.37, 0.74, 3.4), (3.44, 1.5, 3.45), (3.46, 2.67, 1.39), (1.97, 2.12, 1.62), (0.59, 5.59, -1.39), (5.11, -1.06, 1.98)]
Labels: [0, 0, 0, 0, 0, 0, 0, 0, 0, 0, 0, 0, 0, 0, 0, 0, -1, -1, -1, 1, 1, 1, 1, -1, 1, -1, 1, 1, -1, 1, 1, -1, 1, 1, 1, 1, 1, 0, -1, -1, -1]
Stats: total_clusters=2, target_cluster_size=17, smallest_cluster_size=14, outliers=10, changed_cluster_points=17

Timestamp: 70
Points: [(3.41, 2.98, 0.76), (3.58, 3.16, 1.7), (3.65, 2.3, 1.6), (3.67, 2.89, 1.13), (3.47, 2.82, 1.18), (3.62, 3.21, 1.08), (3.62, 3.15, 1.31), (3.24, 3.08, 1.05), (2.88, 3.01, 1.21), (3.4, 3.38, 1.08), (3.27, 3.27, 1.05), (3.4, 2.98, 1.18), (3.56, 2.98, 1.44), (2.88, 2.72, 0.66), (3.07, 3.54, 1.24), (3.19, 3.27, 1.47), (3.06, 3.7, 1.31), (3.47, 3.2, 1.37), (3.21, 3.61, 1.17), (3.61, 2.96, 1.08), (3.84, 3.05, 1.23), (3.44, 3.73, 1.78), (3.69, 3.79, 1.01), (3.53, 3.1, 0.8), (3.48, 2.95, 1.63), (3.27, 2.96, 1.63), (3.35, 3.37, 1.35), (3.48, 3.02, 1.37), (3.33, 2.88, 1.22), (3.69, 3.21, 1.43), (3.37, 2.59, 0.94), (3.29, 2.79, 1.11), (3.23, 2.95, 1.6), (3.87, 3.19, 2.91), (4.31, 3.22, 2.68), (4.48, 2.78, 2.92), (4.0, 3.06, 3.09), (3.66, 3.13, 3.03), (3.89, 2.86, 2.61), (4.03, 2.71, 2.93), (3.86, 2.51, 2.58), (4.01, 2.76, 2.69), (3.66, 2.69, 3.35), (2.4, 1.9, 3.14), (2.56, 1.52, 3.28), (2.72, 1.46, 3.27), (2.72, 1.71, 2.75), (2.47, 1.11, 2.89), (2.82, 1.56, 2.57), (2.63, 1.27, 3.16), (2.34, 1.28, 2.94), (2.67, 0.78, 3.14), (2.54, 1.29, 3.36), (2.96, 1.76, 3.26), (0.33, 1.95, 6.17), (5.25, 5.79, 4.49)]
Labels: [0, 0, -1, 0, 0, 0, 0, 0, 0, 0, 0, 0, 0, -1, 0, 0, 0, 0, 0, 0, 0, -1, -1, 0, 0, 0, 0, 0, 0, 0, 0, 0, 0, 1, 1, 1, 1, 1, 1, 1, 1, 1, -1, 2, 2, 2, -1, 2, -1, 2, 2, 2, 2, 2, -1, -1]
Stats: total_clusters=3, target_cluster_size=29, smallest_cluster_size=9, outliers=9, changed_cluster_points=25

Timestamp: 71
Points: [(3.66, 3.15, 1.24), (3.57, 2.78, 1.39), (3.31, 2.76, 1.34), (3.27, 2.69, 1.01), (3.81, 2.96, 1.31), (3.12, 3.62, 1.25), (3.22, 3.32, 1.75), (3.29, 2.92, 1.81), (3.36, 3.04, 0.7), (3.38, 2.76, 1.09), (2.88, 3.41, 0.87), (2.9, 2.87, 1.54), (3.28, 3.02, 1.35), (3.35, 3.41, 1.17), (3.33, 3.66, 1.25), (3.45, 3.04, 0.63), (3.61, 3.51, 1.55), (3.76, 2.89, 2.97), (4.02, 3.14, 2.93), (3.81, 2.98, 3.17), (4.8, 2.79, 2.94), (3.81, 3.03, 3.16), (3.86, 2.33, 3.18), (3.96, 2.84, 2.7), (4.02, 2.73, 2.7), (3.55, 2.73, 3.06), (3.51, 3.28, 2.52), (3.97, 3.08, 3.12), (4.17, 2.91, 2.82), (4.1, 3.02, 2.77), (4.03, 2.89, 2.69), (3.81, 3.08, 2.59), (4.26, 2.77, 2.19), (4.09, 2.13, 2.57), (4.65, 3.26, 3.16), (3.59, 2.88, 3.24), (2.97, 1.79, 3.91), (2.98, 0.96, 3.5), (2.66, 0.94, 3.6), (3.17, 1.36, 3.4), (2.02, 1.78, 3.57), (2.83, 0.95, 2.71), (3.45, 1.04, 3.33), (2.41, 0.59, 3.44), (2.96, 0.81, 3.68), (2.79, 1.47, 3.07), (6.5, 2.49, 5.1), (2.2, 0.98, 6.17)]
Labels: [0, 0, 0, 0, 0, 0, 0, 0, 0, 0, -1, 0, 0, 0, 0, -1, 0, 1, 1, 1, -1, 1, -1, 1, 1, 1, 1, 1, 1, 1, 1, 1, -1, -1, -1, 1, -1, -1, -1, -1, -1, -1, -1, -1, -1, -1, -1, -1]
Stats: total_clusters=2, target_cluster_size=15, smallest_cluster_size=14, outliers=19, changed_cluster_points=19

Timestamp: 72
Points: [(3.32, 3.05, 0.9), (3.32, 3.04, 1.07), (3.25, 2.69, 0.88), (3.42, 3.13, 1.34), (3.34, 3.11, 1.53), (3.39, 2.95, 0.92), (3.61, 2.69, 1.01), (3.51, 2.64, 1.07), (3.44, 3.02, 0.97), (3.26, 3.32, 1.68), (3.44, 2.61, 1.36), (3.31, 2.84, 1.02), (3.22, 2.76, 1.2), (3.86, 2.84, 1.67), (3.46, 3.09, 1.14), (3.2, 3.18, 1.35), (2.8, 3.75, 0.77), (3.28, 2.47, 1.15), (3.29, 2.98, 1.3), (3.35, 3.25, 0.91), (3.43, 2.95, 1.13), (3.47, 2.99, 1.19), (3.12, 3.39, 1.4), (3.99, 2.89, 2.85), (4.28, 3.16, 3.21), (3.86, 3.11, 3.24), (3.68, 2.67, 2.97), (3.59, 2.42, 3.24), (4.37, 2.61, 2.46), (3.77, 3.34, 2.76), (3.99, 3.06, 2.94), (4.41, 2.75, 2.86), (4.03, 2.95, 2.52), (3.52, 2.52, 3.1), (3.72, 3.11, 2.91), (3.67, 2.68, 2.93), (2.72, 1.57, 3.15), (2.39, 1.44, 3.81), (2.03, 1.12, 3.52), (2.77, 1.61, 3.16), (2.13, 1.98, 3.69), (2.68, 1.1, 3.14), (2.77, 1.31, 3.31), (3.25, 1.72, 2.9), (2.72, 1.22, 3.42), (2.67, 2.44, 3.46), (2.64, 2.04, 3.38), (2.98, 2.11, 3.29), (5.04, 5.62, 5.99), (6.74, 3.22, 1.33), (0.66, 1.37, 5.85), (6.16, 2.44, 2.57)]
Labels: [0, 0, 0, 0, 0, 0, 0, 0, 0, 0, 0, 0, 0, -1, 0, 0, -1, 0, 0, 0, 0, 0, 0, 1, 1, 1, 1, 1, -1, 1, 1, 1, 1, 1, 1, 1, 2, -1, -1, 2, -1, 2, 2, -1, 2, -1, -1, -1, -1, -1, -1, -1]
Stats: total_clusters=3, target_cluster_size=21, smallest_cluster_size=5, outliers=14, changed_cluster_points=7

Timestamp: 73
Points: [(3.52, 3.1, 0.79), (3.02, 3.12, 0.88), (3.95, 2.6, 1.01), (3.43, 3.03, 0.94), (3.19, 2.87, 1.14), (3.92, 3.14, 1.51), (3.55, 3.4, 0.51), (3.35, 3.45, 1.07), (3.87, 3.49, 1.1), (3.3, 2.87, 1.06), (3.12, 3.23, 0.85), (4.17, 3.18, 2.4), (4.46, 3.15, 3.12), (3.77, 3.18, 3.24), (3.96, 3.6, 2.91), (4.34, 3.08, 3.07), (3.49, 3.11, 2.68), (3.74, 3.52, 2.83), (2.3, 1.28, 2.88), (3.15, 1.16, 3.52), (3.12, 1.23, 3.52), (2.29, 2.26, 3.66), (2.58, 1.13, 3.29), (2.53, 2.09, 2.9), (2.69, 1.4, 3.29), (2.61, 1.36, 3.64), (2.86, 1.55, 2.27), (2.75, 0.83, 3.56), (3.16, 1.08, 3.24), (2.44, 1.84, 3.37), (3.25, 1.55, 3.42), (2.67, 1.69, 2.72), (2.68, 1.38, 3.59), (2.58, 1.04, 3.33), (2.27, 0.73, 3.59), (2.85, 1.57, 3.79), (2.41, 0.9, 3.31), (2.53, 1.11, 3.3), (2.43, 0.76, 3.18), (2.86, 2.42, 2.36)]
Labels: [0, 0, -1, 0, 0, -1, 0, 0, -1, 0, 0, -1, -1, -1, -1, -1, -1, -1, -1, 1, 1, -1, 1, -1, 1, 1, -1, 1, 1, -1, 1, -1, 1, 1, 1, 1, 1, 1, 1, -1]
Stats: total_clusters=2, target_cluster_size=15, smallest_cluster_size=8, outliers=17, changed_cluster_points=26

Timestamp: 74
Points: [(3.65, 3.05, 1.45), (3.55, 2.88, 1.11), (3.32, 2.63, 1.46), (4.23, 3.43, 1.25), (3.32, 2.89, 1.25), (3.69, 2.95, 1.85), (3.11, 3.18, 1.23), (3.45, 2.98, 1.23), (3.34, 3.45, 1.61), (3.35, 2.71, 1.29), (3.52, 3.15, 1.34), (3.8, 3.33, 1.34), (3.64, 3.19, 0.97), (3.81, 3.15, 0.97), (3.17, 2.89, 0.9), (3.62, 3.08, 1.4), (3.74, 3.35, 1.37), (3.52, 3.08, 1.18), (3.6, 2.88, 1.19), (3.27, 3.42, 1.39), (3.99, 2.93, 1.05), (3.47, 2.94, 1.34), (3.44, 3.0, 1.48), (2.99, 3.26, 1.07), (3.66, 3.39, 0.64), (3.4, 3.14, 0.62), (4.09, 2.87, 2.55), (3.83, 2.78, 2.74), (4.08, 3.32, 2.89), (4.36, 2.71, 2.96), (4.66, 2.55, 2.42), (4.41, 3.09, 2.73), (3.69, 3.02, 2.95), (4.07, 2.69, 2.81), (3.86, 3.22, 2.59), (4.05, 3.82, 2.57), (3.8, 3.0, 2.03), (3.6, 3.12, 2.86), (4.34, 2.96, 2.82), (3.82, 2.93, 2.55), (3.98, 2.74, 2.55), (3.83, 3.16, 2.96), (2.83, 1.09, 3.36), (3.19, 1.9, 2.92), (2.24, 2.01, 3.52), (2.52, 1.31, 3.44), (2.68, 1.22, 3.31), (2.39, 1.47, 3.1), (2.15, 1.93, 3.34), (3.19, 0.74, 2.86), (2.75, 1.39, 2.96), (2.99, 1.11, 3.78), (2.57, 1.04, 3.13), (3.07, 1.31, 3.7), (3.08, 1.38, 3.28), (2.45, 1.53, 3.89), (2.16, 1.49, 3.42), (2.5, 1.89, 3.05), (-0.07, -0.02, 2.78), (1.99, 4.76, 4.61)]
Labels: [0, 0, 0, 0, 0, 0, 0, 0, 0, 0, 0, 0, 0, 0, 0, 0, 0, 0, 0, 0, 0, 0, 0, 0, 0, 0, 1, 1, 1, 1, -1, 1, 1, 1, 1, -1, 0, 1, 1, 1, 1, 1, 2, -1, -1, 2, 2, 2, -1, -1, 2, 2, 2, 2, 2, -1, 2, 2, -1, -1]
Stats: total_clusters=3, target_cluster_size=27, smallest_cluster_size=11, outliers=9, changed_cluster_points=35

Timestamp: 75
Points: [(3.32, 3.04, 0.96), (3.58, 2.84, 1.18), (3.68, 3.11, 0.96), (3.76, 2.67, 1.11), (3.46, 3.14, 1.24), (3.62, 3.13, 1.1), (3.93, 2.88, 3.16), (3.86, 3.31, 2.93), (3.9, 3.25, 2.7), (4.25, 3.12, 2.74), (4.21, 3.22, 3.27), (4.35, 3.21, 2.58), (4.79, 2.64, 3.21), (4.19, 2.71, 2.88), (4.03, 3.45, 2.71), (3.98, 2.36, 3.44), (3.73, 3.16, 2.89), (4.03, 3.3, 3.42), (4.13, 3.26, 3.02), (4.36, 2.92, 3.24), (4.39, 3.38, 2.72), (4.01, 3.13, 2.51), (3.1, 1.41, 3.49), (2.34, 0.95, 3.18), (2.62, 1.65, 3.45), (2.67, 1.3, 3.57), (3.06, 1.66, 3.68), (2.65, 0.89, 3.03), (2.71, 1.41, 3.55), (3.13, 1.67, 3.83), (2.58, 1.13, 3.37), (2.26, 1.96, 3.67), (2.73, 1.85, 2.69), (2.75, 0.96, 3.39), (2.44, 1.65, 3.47), (3.02, 1.2, 3.64), (2.6, 0.84, 3.07), (2.49, 1.8, 3.56), (2.14, 1.37, 4.1), (2.58, 1.3, 3.57), (2.81, 1.25, 3.57), (2.43, 1.67, 3.45), (2.71, 1.15, 3.11), (2.88, 1.39, 3.49), (2.44, 1.73, 3.18), (2.5, 1.69, 3.8), (2.36, 2.1, 3.5), (2.18, 1.54, 3.26), (2.7, 1.4, 3.42), (2.23, 1.76, 2.99), (2.16, 1.54, 3.96), (3.75, 2.68, 3.02), (3.17, 1.16, 0.84), (4.7, 0.08, 4.01), (6.57, 2.78, 3.21)]
Labels: [0, 0, 0, 0, 0, 0, 1, 1, 1, 1, 1, 1, -1, 1, 1, -1, 1, 1, 1, 1, 1, 1, 2, 2, 2, 2, 2, 2, 2, 2, 2, 2, -1, 2, 2, 2, 2, 2, -1, 2, 2, 2, 2, 2, 2, 2, 2, 2, 2, 2, 2, 1, -1, -1, -1]
Stats: total_clusters=3, target_cluster_size=27, smallest_cluster_size=6, outliers=7, changed_cluster_points=10

Timestamp: 76
Points: [(4.18, 3.08, 1.02), (3.34, 3.15, 1.19), (3.74, 3.34, 1.38), (3.43, 3.32, 1.38), (3.47, 3.22, 1.38), (3.54, 3.23, 1.54), (3.54, 3.0, 0.85), (3.51, 3.07, 1.39), (3.88, 2.9, 0.97), (3.48, 2.95, 1.13), (3.35, 2.9, 1.39), (3.5, 3.61, 1.28), (3.81, 2.97, 1.0), (4.04, 3.0, 0.95), (3.19, 3.63, 1.12), (3.59, 3.19, 1.01), (3.41, 3.36, 0.88), (3.65, 3.51, 1.26), (3.82, 2.81, 0.73), (3.55, 3.01, 1.41), (3.41, 3.19, 1.21), (3.51, 3.02, 0.85), (3.43, 3.52, 1.03), (3.33, 3.19, 0.89), (4.39, 2.77, 2.85), (4.85, 2.76, 3.38), (4.12, 3.18, 2.69), (4.33, 2.99, 2.59), (4.52, 2.98, 2.38), (4.01, 3.34, 3.13), (3.89, 2.81, 2.53), (4.08, 3.14, 3.15), (4.04, 3.05, 2.85), (4.13, 3.06, 3.22), (4.18, 3.13, 2.92), (3.8, 3.1, 2.74), (4.19, 3.04, 3.44), (3.71, 2.17, 3.02), (3.89, 3.15, 2.57), (4.66, 2.98, 2.72), (4.65, 3.35, 3.35), (4.03, 3.11, 2.76), (3.87, 3.22, 2.83), (4.75, 3.35, 3.5), (3.42, 3.67, 2.22), (3.71, 2.57, 3.01), (2.98, 2.48, 2.15), (4.24, 2.27, 1.21)]
Labels: [0, 0, 0, 0, 0, 0, 0, 0, 0, 0, 0, 0, 0, 0, 0, 0, 0, 0, 0, 0, 0, 0, 0, 0, 1, -1, 1, 1, 1, 1, 1, 1, 1, 1, 1, 1, 1, -1, 1, 1, -1, 1, 1, -1, -1, -1, -1, -1]
Stats: total_clusters=2, target_cluster_size=24, smallest_cluster_size=16, outliers=8, changed_cluster_points=6

Timestamp: 77
Points: [(3.18, 3.37, 1.06), (3.49, 3.32, 1.3), (3.37, 3.02, 1.05), (3.8, 2.7, 1.14), (3.91, 3.34, 1.44), (3.47, 2.87, 1.19), (3.34, 3.72, 1.14), (3.67, 3.59, 0.91), (2.94, 3.29, 1.35), (3.41, 2.88, 1.26), (3.51, 3.25, 0.9), (3.59, 3.37, 0.8), (3.88, 3.23, 1.39), (3.19, 3.34, 0.77), (3.27, 3.23, 1.11), (3.52, 3.65, 1.18), (3.69, 3.15, 1.16), (3.82, 3.24, 3.72), (4.14, 3.05, 3.3), (4.42, 3.26, 2.86), (4.46, 3.17, 3.23), (3.87, 2.96, 2.99), (3.74, 3.02, 2.57), (3.65, 3.86, 2.77), (3.96, 3.16, 2.64), (3.96, 3.68, 3.06), (4.41, 3.6, 3.02), (4.05, 2.7, 2.84), (4.06, 2.89, 3.42), (4.44, 3.43, 2.92), (3.8, 3.53, 3.06), (4.34, 3.32, 3.05), (4.71, 2.93, 2.86), (4.6, 3.16, 2.92), (4.04, 3.34, 2.89), (2.32, 1.65, 3.49), (2.09, 1.43, 3.94), (2.71, 1.95, 3.2), (2.82, 1.19, 3.02), (2.16, 1.47, 3.81), (2.55, 1.37, 3.09), (2.69, 1.76, 3.56), (2.07, 1.7, 3.88), (2.98, 1.27, 3.61), (2.25, 1.1, 4.01), (2.64, 1.87, 3.03), (2.54, 1.6, 3.16), (2.96, 1.34, 3.61), (2.25, 1.0, 3.77), (2.57, 1.5, 3.36), (2.56, 1.86, 3.22), (2.64, 1.49, 3.39), (1.86, 1.42, 3.69), (2.55, 0.92, 3.89), (4.01, 3.03, 1.43), (-0.24, -1.33, 0.49), (3.51, 2.73, 2.27)]
Labels: [0, 0, 0, 0, 0, 0, 0, 0, 0, 0, 0, 0, 0, 0, 0, 0, 0, -1, 1, 1, 1, 1, 1, 1, 1, 1, 1, 1, 1, 1, 1, 1, 1, 1, 1, 2, 2, 2, 2, 2, 2, 2, 2, 2, 2, 2, 2, 2, 2, 2, 2, 2, 2, 2, 0, -1, -1]
Stats: total_clusters=3, target_cluster_size=19, smallest_cluster_size=17, outliers=3, changed_cluster_points=24

Timestamp: 78
Points: [(3.65, 3.71, 1.39), (3.5, 3.18, 1.03), (3.29, 3.04, 0.97), (3.69, 2.91, 1.5), (3.71, 3.18, 1.17), (3.39, 3.25, 1.44), (3.35, 2.8, 1.34), (3.61, 2.9, 0.98), (3.31, 3.0, 1.09), (3.46, 3.02, 0.98), (3.47, 3.22, 1.09), (3.82, 3.31, 0.77), (3.66, 3.33, 1.06), (3.15, 3.18, 1.16), (3.25, 2.82, 1.14), (3.47, 3.07, 1.15), (3.25, 3.07, 1.3), (3.44, 2.76, 1.05), (3.26, 3.25, 1.25), (3.11, 3.37, 0.89), (4.61, 3.15, 2.6), (3.8, 3.27, 2.86), (4.11, 3.65, 2.77), (4.16, 3.59, 3.06), (3.66, 3.32, 2.63), (4.57, 2.92, 3.87), (4.58, 2.93, 2.98), (4.37, 3.4, 3.11), (4.52, 3.13, 2.87), (4.04, 3.42, 3.09), (4.23, 3.4, 2.36), (4.24, 3.23, 3.48), (3.69, 3.63, 3.0), (4.29, 3.67, 3.15), (4.26, 3.24, 2.83), (4.14, 2.95, 2.97), (3.44, 3.29, 2.94), (4.04, 3.23, 2.55), (4.72, 3.13, 2.94), (2.05, 1.43, 3.97), (3.32, 2.68, 1.54), (6.1, 1.67, 4.41), (3.64, 1.39, 4.9), (3.92, 1.45, -0.92)]
Labels: [-1, 0, 0, 0, 0, 0, 0, 0, 0, 0, 0, 0, 0, 0, 0, 0, 0, 0, 0, 0, 1, 1, 1, 1, 1, -1, 1, 1, 1, 1, 1, 1, 1, 1, 1, 1, 1, 1, 1, -1, 0, -1, -1, -1]
Stats: total_clusters=2, target_cluster_size=20, smallest_cluster_size=18, outliers=6, changed_cluster_points=6

Timestamp: 79
Points: [(3.44, 3.48, 1.6), (3.06, 3.35, 1.2), (3.71, 2.84, 0.89), (3.38, 3.25, 0.97), (3.47, 3.4, 1.67), (3.74, 3.41, 1.11), (3.32, 3.12, 1.14), (3.26, 3.4, 1.54), (3.58, 3.47, 1.46), (3.29, 2.76, 1.03), (3.57, 2.9, 1.51), (4.03, 3.24, 0.91), (3.67, 2.95, 1.44), (3.49, 3.38, 1.38), (3.68, 3.64, 1.2), (3.42, 2.67, 0.59), (3.71, 3.15, 0.95), (3.27, 3.38, 0.91), (3.95, 3.78, 0.93), (3.71, 3.31, 0.91), (3.3, 3.17, 0.87), (3.82, 3.14, 0.88), (3.52, 3.31, 0.98), (3.05, 3.23, 0.85), (3.35, 3.31, 1.01), (3.51, 3.56, 1.07), (4.05, 3.38, 0.92), (3.43, 2.88, 1.32), (3.88, 3.11, 0.69), (3.64, 2.98, 0.98), (3.62, 3.51, 1.34), (3.65, 3.16, 0.83), (3.63, 3.38, 1.01), (3.45, 3.47, 1.06), (3.48, 3.17, 1.32), (2.45, 1.52, 4.04), (2.2, 1.11, 3.87), (2.43, 1.24, 3.39), (1.9, 1.52, 3.0), (2.58, 1.26, 3.03)]
Labels: [0, 0, 0, 0, 0, 0, 0, 0, 0, 0, 0, 0, 0, 0, 0, 0, 0, 0, 0, 0, 0, 0, 0, 0, 0, 0, 0, 0, 0, 0, 0, 0, 0, 0, 0, -1, -1, -1, -1, -1]
Stats: total_clusters=1, target_cluster_size=35, smallest_cluster_size=35, outliers=5, changed_cluster_points=3

Timestamp: 80
Points: [(3.16, 3.47, 1.01), (3.78, 3.34, 0.94), (3.78, 3.29, 1.19), (3.45, 2.94, 1.04), (3.46, 3.43, 0.74), (3.93, 3.59, 0.99), (3.92, 2.96, 1.43), (3.36, 3.47, 0.79), (3.84, 3.53, 0.78), (4.01, 3.47, 0.65), (3.44, 3.47, 1.33), (3.6, 3.44, 0.93), (3.58, 3.0, 1.18), (3.82, 3.41, 1.2), (3.81, 3.48, 1.6), (3.86, 3.38, 1.38), (3.63, 3.14, 1.37), (3.76, 3.29, 1.1), (3.5, 3.11, 1.46), (3.86, 3.5, 0.89), (4.11, 3.15, 2.83), (4.77, 3.35, 3.11), (4.08, 3.49, 3.67), (4.24, 3.16, 2.98), (4.12, 3.23, 2.83), (3.95, 3.22, 3.04), (4.13, 3.67, 3.14), (4.44, 3.46, 3.04), (4.28, 2.97, 3.21), (4.11, 3.04, 3.4), (3.82, 3.75, 3.5), (4.15, 3.77, 2.75), (2.64, 1.45, 2.91), (2.07, 1.39, 3.81), (2.12, 1.35, 3.73), (2.46, 1.42, 3.43), (2.62, 1.34, 3.12), (2.15, 1.64, 3.49), (2.11, 1.01, 3.49), (2.37, 1.1, 3.47), (1.91, 1.4, 4.14), (2.35, 0.89, 3.66), (2.75, 0.96, 3.17), (2.38, 1.42, 3.96), (2.23, 1.74, 4.07), (1.99, 1.71, 3.4), (1.51, 1.62, 3.75), (1.75, 1.29, 3.32), (2.57, 0.91, 3.58), (1.47, 1.58, 3.58), (2.11, 1.95, 2.62), (2.28, 1.87, 3.58), (2.77, 1.29, 3.48), (2.72, 1.76, 4.38), (2.33, 1.52, 3.38), (2.42, 1.55, 3.18), (-0.17, 1.93, -0.48), (2.03, 4.83, 1.37)]
Labels: [0, 0, 0, 0, 0, 0, 0, 0, 0, 0, 0, 0, 0, 0, 0, 0, 0, 0, 0, 0, 1, 1, -1, 1, 1, 1, 1, 1, 1, 1, 1, 1, 2, 2, 2, 2, 2, 2, 2, 2, 2, 2, 2, 2, 2, 2, -1, 2, 2, -1, -1, 2, 2, -1, 2, 2, -1, -1]
Stats: total_clusters=3, target_cluster_size=20, smallest_cluster_size=11, outliers=7, changed_cluster_points=34

Timestamp: 81
Points: [(3.48, 3.43, 0.66), (3.38, 2.87, 1.02), (3.7, 3.17, 0.99), (3.91, 2.65, 1.44), (3.45, 3.21, 1.0), (4.71, 2.89, 3.03), (4.4, 2.78, 2.75), (4.2, 3.0, 2.78), (4.14, 3.46, 2.92), (4.57, 2.96, 2.65), (4.82, 3.07, 2.63), (3.72, 3.59, 2.92), (4.17, 3.22, 3.33), (4.19, 3.97, 3.06), (4.56, 3.5, 3.01), (4.07, 3.36, 3.18), (4.07, 3.31, 3.4), (4.87, 3.52, 3.58), (4.06, 3.47, 3.43), (3.98, 3.12, 3.55), (3.95, 2.86, 3.48), (4.6, 3.39, 3.01), (4.11, 3.35, 3.5), (4.32, 3.91, 2.75), (4.24, 3.15, 2.7), (4.2, 3.39, 3.18), (4.9, 3.4, 3.37), (4.26, 3.77, 3.74), (4.4, 2.97, 2.86), (4.33, 3.4, 3.23), (4.38, 3.27, 2.83), (4.37, 3.82, 3.33), (4.41, 3.57, 2.91), (4.09, 3.04, 2.99), (4.12, 3.63, 2.88), (4.0, 3.85, 2.89), (4.29, 3.4, 2.68), (4.62, 3.45, 3.49), (4.04, 3.29, 3.04), (2.32, 0.95, 3.61), (1.73, 1.59, 2.83), (1.58, 1.75, 3.38), (1.89, 1.9, 3.69), (2.54, 1.4, 4.51), (2.02, 2.07, 3.55), (3.65, 3.61, 1.38), (3.36, 4.91, -1.22)]
Labels: [-1, -1, -1, -1, -1, 0, 0, 0, 0, 0, 0, 0, 0, 0, 0, 0, 0, 0, 0, 0, 0, 0, 0, 0, 0, 0, 0, 0, 0, 0, 0, 0, 0, 0, 0, 0, 0, 0, 0, -1, -1, -1, -1, -1, -1, -1, -1]
Stats: total_clusters=1, target_cluster_size=34, smallest_cluster_size=34, outliers=13, changed_cluster_points=44

Timestamp: 82
Points: [(3.58, 3.25, 0.98), (3.71, 3.33, 1.36), (3.46, 3.13, 1.33), (3.67, 3.02, 1.46), (3.18, 3.44, 0.82), (4.08, 2.86, 1.42), (3.58, 3.15, 1.18), (3.76, 3.02, 0.93), (3.77, 2.82, 0.99), (4.36, 3.0, 1.42), (3.46, 3.37, 1.29), (3.89, 3.2, 1.63), (3.46, 3.3, 1.19), (3.32, 3.17, 1.17), (3.5, 3.86, 0.92), (3.9, 3.46, 1.13), (3.39, 3.05, 1.0), (3.16, 2.99, 0.76), (3.94, 3.4, 1.33), (3.75, 3.29, 1.5), (3.45, 3.27, 1.32), (3.27, 4.02, 1.14), (3.64, 3.56, 1.36), (3.61, 3.28, 0.76), (3.47, 3.37, 1.24), (3.91, 3.22, 0.78), (4.6, 3.72, 3.31), (4.23, 3.61, 4.07), (4.31, 2.9, 2.86), (4.47, 2.81, 3.09), (4.39, 3.75, 3.43), (4.54, 2.64, 3.32), (4.49, 3.37, 2.52), (4.05, 2.94, 2.43), (4.28, 3.05, 3.83), (4.23, 3.68, 2.57), (4.12, 3.32, 2.77), (4.15, 3.23, 2.97), (4.84, 3.41, 3.18), (4.44, 3.48, 3.01), (4.18, 3.34, 3.39), (4.62, 3.22, 3.27), (4.22, 3.3, 2.9), (4.22, 3.7, 3.07), (4.32, 2.86, 2.95), (2.1, 1.17, 3.6), (2.04, 1.49, 3.64), (1.85, 1.32, 3.62), (2.6, 1.55, 3.36), (2.33, 2.06, 3.91), (2.38, 1.72, 4.1), (2.51, 1.77, 3.32), (1.54, 2.02, 4.01), (5.92, 1.76, 5.68)]
Labels: [0, 0, 0, 0, 0, 0, 0, 0, 0, -1, 0, 0, 0, 0, -1, 0, 0, 0, 0, 0, 0, -1, 0, 0, 0, 0, 1, -1, 1, 1, 1, 1, 1, -1, -1, 1, 1, 1, 1, 1, 1, 1, 1, 1, 1, -1, -1, -1, -1, -1, -1, -1, -1, -1]
Stats: total_clusters=2, target_cluster_size=23, smallest_cluster_size=16, outliers=15, changed_cluster_points=43

Timestamp: 83
Points: [(3.22, 2.89, 1.03), (3.64, 2.84, 1.27), (3.82, 3.51, 1.7), (3.73, 3.24, 0.72), (3.73, 3.4, 0.78), (3.57, 3.26, 1.25), (3.84, 3.13, 1.17), (3.77, 3.21, 1.02), (3.81, 3.21, 0.82), (3.97, 2.99, 1.1), (3.71, 3.37, 1.16), (2.89, 3.08, 1.2), (3.6, 3.39, 1.38), (3.76, 3.08, 0.99), (4.04, 3.21, 1.1), (3.76, 3.57, 0.9), (3.5, 2.86, 1.05), (3.77, 3.17, 1.56), (3.66, 3.23, 1.03), (3.29, 3.24, 1.21), (3.6, 3.32, 0.95), (3.94, 3.29, 3.13), (4.26, 3.39, 3.29), (4.54, 3.58, 3.36), (4.46, 3.43, 3.64), (4.55, 3.07, 2.5), (4.24, 3.51, 3.35), (3.94, 3.54, 3.4), (4.5, 3.45, 3.02), (4.17, 3.56, 3.23), (4.21, 4.09, 2.61), (4.24, 3.09, 3.17), (3.73, 3.71, 3.36), (4.39, 3.23, 3.27), (4.41, 3.61, 3.02), (4.26, 3.65, 3.25), (4.26, 3.43, 3.11), (4.45, 3.71, 2.95), (4.12, 3.41, 2.9), (4.04, 3.62, 2.97), (3.75, 3.58, 2.93), (4.49, 3.65, 3.12), (3.7, 2.74, 2.86), (4.3, 3.68, 3.15), (5.1, 2.88, 3.1), (4.18, 3.39, 3.58), (4.86, 3.34, 3.32), (4.38, 3.0, 3.06), (1.96, 1.45, 3.32), (2.19, 1.57, 3.87), (2.19, 1.56, 3.61), (1.08, 0.46, -1.88), (-0.32, -1.18, 5.11), (5.98, 4.18, 1.12)]
Labels: [0, 0, 0, 0, 0, 0, 0, 0, 0, 0, 0, 0, 0, 0, 0, 0, 0, 0, 0, 0, 0, 1, 1, 1, 1, -1, 1, 1, 1, 1, -1, 1, 1, 1, 1, 1, 1, 1, 1, 1, 1, 1, -1, 1, -1, 1, 1, 1, -1, -1, -1, -1, -1, -1]
Stats: total_clusters=2, target_cluster_size=23, smallest_cluster_size=21, outliers=10, changed_cluster_points=16

Timestamp: 84
Points: [(3.2, 3.35, 1.18), (3.3, 3.6, 1.15), (3.61, 3.39, 1.18), (3.85, 3.41, 1.3), (3.99, 3.5, 1.08), (3.38, 3.69, 1.06), (3.54, 2.84, 1.2), (3.69, 2.9, 1.23), (3.53, 3.95, 0.97), (3.55, 3.06, 1.44), (3.56, 3.1, 1.29), (3.31, 3.43, 1.56), (3.8, 3.44, 1.33), (4.08, 3.58, 1.23), (3.88, 3.06, 1.31), (3.4, 3.19, 0.35), (3.76, 3.12, 1.39), (4.47, 3.69, 2.75), (4.66, 3.99, 3.3), (4.59, 3.41, 2.91), (4.58, 2.9, 2.95), (3.82, 3.14, 3.26), (4.5, 3.37, 3.12), (3.78, 3.24, 2.87), (4.15, 3.53, 2.81), (4.17, 2.73, 2.98), (4.02, 3.38, 2.79), (4.38, 3.31, 3.57), (4.5, 2.8, 2.69), (4.37, 3.08, 2.18), (4.76, 3.57, 3.23), (4.17, 3.48, 2.86), (4.41, 3.08, 3.53), (3.88, 3.72, 3.08), (4.2, 3.41, 3.29), (4.76, 3.45, 2.8), (4.37, 3.9, 3.48), (4.62, 3.59, 3.28), (4.7, 3.22, 2.67), (4.37, 3.11, 2.76), (4.13, 4.1, 3.11), (4.46, 2.99, 2.52), (1.8, 1.98, 3.77), (2.29, 1.73, 3.44), (3.32, 2.74, 2.16), (-0.38, 1.17, 6.56), (0.71, 3.1, 5.31)]
Labels: [0, 0, 0, 0, 0, 0, 0, 0, 0, 0, 0, 0, 0, 0, 0, -1, 0, 1, 1, 1, 1, 1, 1, 1, 1, 1, 1, 1, 1, 1, 1, 1, 1, 1, 1, 1, 1, 1, 1, 1, 1, 1, -1, -1, -1, -1, -1]
Stats: total_clusters=2, target_cluster_size=25, smallest_cluster_size=16, outliers=6, changed_cluster_points=6

Timestamp: 85
Points: [(2.97, 3.34, 1.35), (3.92, 3.37, 1.2), (3.98, 3.19, 1.49), (3.5, 3.32, 1.26), (3.27, 3.64, 1.22), (4.51, 3.82, 1.1), (4.13, 3.51, 1.16), (3.27, 2.94, 1.1), (3.56, 3.35, 1.45), (3.9, 3.12, 1.33), (3.45, 3.01, 1.2), (4.14, 3.19, 3.38), (4.58, 3.27, 2.6), (4.16, 3.96, 3.37), (4.81, 3.46, 2.98), (4.65, 3.77, 2.94), (4.17, 2.92, 2.86), (4.58, 3.2, 3.36), (4.97, 3.39, 3.08), (4.55, 3.21, 2.89), (4.2, 3.04, 3.35), (4.23, 3.71, 3.24), (4.37, 3.62, 2.8), (4.15, 3.6, 2.42), (4.39, 3.56, 3.48), (4.84, 3.34, 3.31), (4.14, 3.25, 3.49), (4.37, 3.43, 2.77), (4.51, 3.61, 3.3), (4.02, 3.68, 2.78), (4.37, 2.9, 3.03), (4.08, 3.25, 3.1), (4.63, 3.62, 2.38), (4.59, 3.44, 2.91), (4.12, 3.36, 3.15), (4.5, 3.32, 2.33), (4.23, 3.03, 3.7), (4.4, 3.6, 3.27), (4.47, 3.26, 2.92), (3.78, 3.42, 3.17), (2.0, 1.52, 3.25), (1.92, 1.25, 3.91), (2.03, 1.25, 3.62), (1.66, 1.36, 3.88), (3.75, 3.32, 1.88), (7.24, 0.1, -1.02), (1.63, 5.48, 2.58)]
Labels: [-1, 0, 0, 0, 0, 0, 0, 0, 0, 0, 0, 1, 1, 1, 1, 1, 1, 1, 1, 1, 1, 1, 1, 1, 1, 1, 1, 1, 1, 1, 1, 1, 1, 1, 1, 1, 1, 1, 1, 1, -1, -1, -1, -1, 0, -1, -1]
Stats: total_clusters=2, target_cluster_size=29, smallest_cluster_size=11, outliers=7, changed_cluster_points=10

Timestamp: 86
Points: [(3.51, 2.61, 1.61), (3.59, 3.92, 1.19), (3.66, 3.35, 0.92), (3.72, 3.81, 0.87), (3.84, 3.13, 1.05), (4.2, 3.44, 1.28), (3.72, 3.98, 0.86), (3.31, 3.73, 1.0), (3.81, 3.74, 1.2), (4.26, 3.34, 0.92), (3.12, 3.38, 0.54), (3.79, 3.67, 1.09), (3.75, 3.54, 1.26), (4.0, 3.3, 0.53), (4.0, 3.25, 0.88), (3.79, 3.35, 0.91), (3.39, 3.43, 0.88), (3.74, 3.4, 1.34), (4.24, 3.37, 0.99), (4.12, 3.57, 1.14), (3.77, 3.31, 1.14), (3.68, 3.06, 1.1), (4.15, 3.1, 1.03), (3.48, 3.6, 1.3), (3.39, 2.8, 1.31), (3.37, 3.52, 0.94), (3.88, 3.42, 0.96), (3.49, 3.45, 0.92), (3.98, 3.1, 1.18), (3.61, 3.31, 0.92), (3.66, 2.67, 0.89), (3.56, 3.29, 1.42), (3.53, 3.66, 0.88), (3.43, 2.84, 1.25), (3.73, 3.45, 1.13), (3.7, 3.38, 1.63), (3.59, 3.82, 1.31), (3.8, 3.45, 0.3), (3.64, 3.14, 1.62), (3.62, 3.3, 1.09), (3.38, 3.17, 1.3), (3.17, 3.39, 0.87), (4.03, 3.41, 0.72), (3.6, 3.42, 1.02), (3.74, 3.3, 1.31), (3.82, 3.3, 1.1), (3.44, 3.67, 1.84), (3.62, 3.32, 1.35), (3.96, 3.35, 0.85), (4.16, 3.48, 1.15), (4.2, 3.42, 2.55), (2.24, 1.82, 3.78), (1.64, 1.64, 3.98), (1.72, 1.8, 3.89), (1.88, 1.28, 3.64), (1.64, 1.57, 3.9), (2.39, 1.58, 3.84)]
Labels: [0, 0, 0, 0, 0, 0, 0, 0, 0, 0, 0, 0, 0, 0, 0, 0, 0, 0, 0, 0, 0, 0, 0, 0, 0, 0, 0, 0, 0, 0, 0, 0, 0, 0, 0, 0, 0, 0, 0, 0, 0, 0, 0, 0, 0, 0, 0, 0, 0, 0, -1, -1, -1, -1, -1, -1, -1]
Stats: total_clusters=1, target_cluster_size=50, smallest_cluster_size=50, outliers=7, changed_cluster_points=1

Timestamp: 87
Points: [(3.83, 3.56, 0.99), (3.64, 3.13, 1.04), (3.59, 3.68, 1.11), (3.19, 3.46, 1.51), (3.86, 3.62, 1.25), (3.98, 3.55, 1.32), (4.54, 2.91, 2.79), (4.12, 2.67, 2.99), (4.87, 2.99, 3.33), (4.6, 3.49, 3.47), (4.43, 3.88, 3.06), (4.54, 3.38, 2.84), (4.04, 3.6, 3.52), (4.51, 3.58, 2.65), (4.56, 2.8, 2.76), (4.84, 3.43, 3.15), (4.61, 3.67, 3.04), (4.53, 3.4, 2.66), (4.33, 3.55, 3.0), (4.33, 3.66, 3.16), (4.55, 2.94, 3.25), (1.53, 1.47, 3.36), (2.25, 2.12, 3.68), (1.87, 1.84, 3.93), (1.9, 1.61, 4.44), (1.69, 1.28, 4.01), (2.66, 1.54, 3.13), (2.06, 1.3, 3.9), (1.44, 0.96, 3.63), (2.5, 1.0, 3.62), (1.41, 1.58, 3.81), (1.42, 1.93, 3.06), (2.47, 1.96, 3.84), (2.23, 1.42, 3.19), (2.0, 0.93, 3.73), (1.49, 1.82, 3.87), (2.16, 1.6, 4.39), (2.28, 2.08, 3.42), (1.73, 0.63, 3.59), (1.91, 1.63, 3.55), (2.18, 1.71, 3.57), (1.59, 1.5, 3.77), (1.71, 1.39, 3.24), (2.16, 1.72, 3.75), (2.19, 1.53, 4.3), (1.47, 1.55, 4.05), (2.44, 1.76, 3.37), (4.08, 3.31, 3.2), (0.98, -1.24, 0.46)]
Labels: [0, 0, 0, -1, 0, 0, 1, -1, 1, 1, 1, 1, 1, 1, -1, 1, 1, 1, 1, 1, -1, 2, 2, 2, -1, 2, 2, 2, -1, -1, 2, -1, 2, 2, 2, 2, -1, 2, -1, 2, 2, 2, 2, 2, 2, 2, 2, 1, -1]
Stats: total_clusters=3, target_cluster_size=20, smallest_cluster_size=5, outliers=11, changed_cluster_points=34

Timestamp: 88
Points: [(3.69, 3.47, 1.06), (3.83, 3.55, 1.41), (3.37, 2.86, 1.4), (3.55, 2.92, 0.63), (4.2, 3.56, 0.87), (3.56, 3.35, 1.28), (3.68, 3.14, 1.35), (3.74, 3.29, 1.21), (3.22, 3.45, 1.17), (3.41, 2.85, 0.92), (3.8, 3.41, 1.49), (3.8, 2.99, 1.0), (3.43, 3.29, 1.42), (3.87, 3.16, 1.21), (3.56, 2.65, 0.76), (3.87, 3.53, 1.5), (3.84, 3.67, 1.22), (4.75, 3.79, 3.27), (4.79, 3.25, 2.4), (4.66, 3.57, 2.86), (4.09, 3.5, 3.34), (4.62, 3.16, 2.89), (4.67, 3.48, 3.44), (4.37, 3.68, 3.11), (4.25, 3.74, 2.83), (4.49, 3.51, 3.09), (4.76, 3.63, 3.26), (4.49, 4.02, 3.56), (4.74, 3.69, 2.94), (4.45, 3.65, 3.44), (4.73, 3.64, 3.72), (1.82, 1.84, 4.07), (2.03, 1.65, 3.92), (1.62, 1.62, 4.02), (1.98, 0.84, 3.21), (1.59, 1.44, 3.49), (2.1, 1.9, 4.23), (1.99, 1.86, 3.56), (1.82, 1.07, 4.18), (2.56, 1.36, 3.0), (4.04, 3.57, 2.27)]
Labels: [0, 0, 0, 0, -1, 0, 0, 0, 0, 0, 0, 0, 0, 0, 0, 0, 0, 1, -1, 1, 1, 1, 1, 1, 1, 1, 1, 1, 1, 1, 1, 2, 2, 2, -1, -1, 2, 2, -1, -1, -1]
Stats: total_clusters=3, target_cluster_size=16, smallest_cluster_size=5, outliers=7, changed_cluster_points=9

Timestamp: 89
Points: [(3.92, 3.25, 0.99), (3.97, 3.31, 1.25), (3.91, 3.49, 1.4), (3.49, 3.23, 1.49), (3.7, 2.64, 1.0), (3.8, 2.69, 1.38), (4.28, 3.59, 3.08), (4.11, 3.17, 2.87), (4.82, 3.45, 2.99), (1.5, 1.89, 4.3), (2.24, 1.65, 3.88), (1.4, 1.39, 3.54), (1.18, 1.85, 3.54), (2.24, 1.78, 3.98), (2.04, 1.26, 4.43), (1.84, 1.58, 3.56), (1.5, 1.64, 3.86), (1.55, 0.97, 3.34), (2.24, 1.26, 3.66), (2.33, 1.08, 3.53), (1.55, 2.04, 4.48), (2.09, 1.75, 3.58), (2.5, 1.57, 4.08), (1.79, 1.38, 4.37), (2.01, 1.98, 3.87), (1.53, 1.27, 3.82), (1.6, 1.09, 4.2), (1.63, 1.52, 3.89), (1.62, 1.98, 3.39), (1.91, 1.56, 3.76), (1.37, 1.78, 4.04), (1.59, 1.72, 3.91), (1.37, 1.18, 4.18), (1.93, 1.28, 3.48), (1.64, 1.32, 3.49), (1.21, 1.88, 4.12), (1.38, 1.52, 3.47), (1.73, 1.36, 3.63), (2.52, 1.32, 3.5), (1.56, 1.84, 3.21), (1.56, 1.98, 3.87), (1.89, 2.22, 3.87), (1.58, 1.38, 3.39), (2.26, 1.68, 4.18), (2.25, 1.33, 3.45), (1.8, 1.17, 3.84), (2.22, 1.42, 3.84), (1.79, 1.76, 3.55), (1.05, 1.64, 4.13), (1.98, 1.25, 3.39), (2.0, 1.53, 3.74), (2.46, 1.14, 4.4), (1.83, 0.83, 3.72), (4.17, 3.45, 2.72), (0.88, 4.03, 4.86), (0.9, 0.54, 0.73)]
Labels: [-1, -1, -1, -1, -1, -1, -1, -1, -1, 0, 0, 0, 0, 0, -1, 0, 0, 0, 0, 0, 0, 0, 0, 0, 0, 0, 0, 0, 0, 0, 0, 0, 0, 0, 0, 0, 0, 0, 0, 0, 0, 0, 0, 0, 0, 0, 0, 0, 0, 0, 0, -1, 0, -1, -1, -1]
Stats: total_clusters=1, target_cluster_size=42, smallest_cluster_size=42, outliers=14, changed_cluster_points=53

Timestamp: 90
Points: [(3.93, 3.31, 1.29), (3.63, 3.19, 1.51), (3.66, 2.85, 1.31), (4.13, 3.3, 0.52), (3.77, 3.88, 1.1), (3.98, 3.57, 1.29), (4.25, 3.63, 1.03), (3.51, 3.47, 1.0), (3.97, 3.14, 0.97), (3.79, 3.13, 1.06), (3.98, 3.84, 0.86), (4.01, 2.87, 1.04), (3.81, 3.56, 0.92), (3.85, 3.64, 0.76), (3.3, 3.63, 0.8), (3.9, 3.85, 1.26), (3.55, 2.99, 0.85), (3.83, 3.3, 1.39), (3.95, 3.18, 1.26), (4.98, 3.42, 3.31), (4.26, 3.47, 2.9), (4.9, 3.36, 3.3), (4.72, 4.45, 3.09), (4.29, 3.49, 2.91), (4.38, 3.73, 2.96), (4.69, 3.69, 3.24), (4.73, 3.43, 2.57), (4.54, 3.54, 3.06), (4.72, 3.74, 3.23), (4.56, 3.88, 2.84), (4.43, 3.81, 3.33), (4.46, 3.63, 3.0), (4.57, 3.72, 3.55), (4.72, 3.92, 2.73), (3.86, 2.86, 3.5), (1.98, 1.23, 3.68), (1.89, 1.22, 3.53), (1.54, 1.22, 3.83), (2.36, 1.12, 3.79), (1.93, 1.66, 3.64), (1.99, 1.62, 3.66), (1.3, 1.08, 4.07), (2.27, 1.48, 4.3), (1.76, 1.08, 3.74), (2.3, 1.27, 3.77), (2.19, 1.87, 3.92), (1.96, 1.85, 3.92), (2.22, 1.71, 3.76), (1.93, 1.34, 3.48), (1.37, 1.4, 3.92), (2.4, 1.62, 3.88), (1.74, 1.35, 3.86), (1.68, 1.36, 4.1), (1.46, 1.39, 3.57), (1.81, 1.78, 3.94), (1.7, 1.81, 4.12), (2.21, 1.84, 3.83), (3.21, -0.32, 0.94)]
Labels: [0, 0, 0, -1, 0, 0, 0, 0, 0, 0, 0, 0, 0, 0, 0, 0, 0, 0, 0, 1, 1, 1, -1, 1, 1, 1, -1, 1, 1, 1, 1, 1, 1, 1, -1, 2, 2, 2, 2, 2, 2, 2, 2, 2, 2, 2, 2, 2, 2, 2, 2, 2, 2, 2, 2, 2, 2, -1]
Stats: total_clusters=3, target_cluster_size=22, smallest_cluster_size=13, outliers=5, changed_cluster_points=53

Timestamp: 91
Points: [(3.9, 3.79, 0.89), (3.75, 3.54, 0.88), (3.64, 3.26, 1.27), (3.37, 3.16, 1.43), (3.04, 3.34, 1.43), (4.29, 3.57, 1.34), (3.58, 3.16, 1.47), (3.75, 2.9, 1.15), (3.77, 3.39, 0.45), (3.15, 3.45, 0.97), (3.7, 3.47, 0.85), (3.75, 3.26, 1.27), (3.34, 3.21, 1.32), (3.6, 3.4, 1.46), (3.85, 3.91, 1.4), (3.65, 3.06, 0.89), (3.91, 3.46, 1.21), (3.58, 3.18, 1.19), (4.31, 3.1, 1.03), (3.72, 3.41, 0.75), (3.84, 3.68, 0.64), (4.06, 3.07, 1.11), (4.7, 3.65, 3.09), (4.75, 3.16, 3.46), (4.42, 3.64, 3.08), (2.26, 1.63, 4.07), (1.99, 1.39, 3.94), (1.78, 1.7, 3.69), (1.47, 1.89, 4.12), (1.43, 2.14, 3.64), (1.76, 1.89, 4.25), (1.47, 1.66, 3.73), (1.87, 1.43, 3.7), (1.38, 1.89, 3.58), (2.23, 1.38, 4.01), (2.26, 1.33, 4.01), (1.89, 1.25, 3.92), (1.98, 2.07, 3.7), (1.84, 1.43, 3.91), (1.51, 1.42, 4.37), (1.76, 1.51, 3.54), (2.1, 1.77, 3.89), (2.38, 1.29, 3.48), (1.69, 1.18, 3.93), (1.74, 1.88, 3.68), (1.84, 1.54, 4.13), (1.32, 1.16, 3.64), (1.34, 1.69, 4.06), (2.1, 1.43, 3.68), (1.39, 1.93, 3.77), (1.47, 1.74, 3.72), (1.35, 1.17, 3.87), (1.34, 1.45, 3.54), (1.39, 1.31, 3.9), (1.83, 1.8, 3.57), (2.21, 2.43, 3.7), (2.43, 2.24, 2.69), (-0.03, 6.29, 2.49), (2.75, -0.11, 3.87)]
Labels: [0, 0, 0, 0, 0, 0, 0, 0, 0, 0, 0, 0, 0, 0, 0, 0, 0, 0, 0, 0, 0, 0, -1, -1, -1, 1, 1, 1, 1, 1, 1, 1, 1, 1, 1, 1, 1, 1, 1, 1, 1, 1, 1, 1, 1, 1, 1, 1, 1, 1, 1, 1, 1, 1, 1, 1, -1, -1, -1]
Stats: total_clusters=2, target_cluster_size=31, smallest_cluster_size=22, outliers=6, changed_cluster_points=38

Timestamp: 92
Points: [(3.87, 3.63, 1.26), (3.92, 3.53, 1.35), (3.8, 3.1, 1.36), (4.43, 3.37, 2.67), (4.76, 3.09, 2.98), (4.77, 3.79, 3.01), (4.55, 3.31, 3.04), (4.67, 3.43, 3.14), (4.15, 3.92, 3.36), (4.83, 3.96, 2.96), (4.49, 3.01, 4.15), (4.55, 3.89, 2.84), (4.89, 4.13, 3.19), (4.29, 3.53, 2.54), (4.58, 3.82, 3.2), (4.51, 3.73, 3.39), (4.1, 3.6, 3.94), (4.19, 3.55, 3.79), (4.92, 3.42, 3.27), (4.59, 3.35, 3.19), (4.51, 3.61, 2.98), (4.21, 3.56, 3.72), (4.62, 3.48, 3.43), (4.55, 4.14, 3.21), (4.8, 3.35, 3.36), (4.68, 3.56, 3.06), (1.44, 1.59, 4.09), (1.62, 1.59, 3.85), (1.7, 1.42, 3.87), (2.61, 1.6, 4.09), (1.82, 1.4, 4.32), (1.56, 1.86, 3.75), (1.33, 1.62, 3.48), (1.85, 1.07, 3.75), (1.16, 2.48, 3.29), (1.67, 1.89, 4.23), (1.96, 1.38, 4.34), (1.98, 1.56, 3.95), (1.56, 1.17, 4.3), (2.12, 1.18, 3.81), (1.61, 1.48, 3.89), (2.0, 1.23, 3.57), (2.1, 1.33, 3.42), (1.49, 1.37, 4.41), (1.99, 1.89, 4.15), (2.0, 1.25, 3.8), (1.32, 1.41, 4.1), (1.71, 1.95, 3.47), (1.84, 1.05, 3.9), (1.92, 1.41, 4.06), (4.33, 3.67, 3.35), (4.09, 6.43, 6.39), (7.35, 6.19, -1.9), (5.28, 0.69, 4.26), (7.42, -1.19, 3.04)]
Labels: [-1, -1, -1, 0, 0, 0, 0, 0, 0, 0, -1, 0, 0, 0, 0, 0, 0, 0, 0, 0, 0, 0, 0, 0, 0, 0, 1, 1, 1, -1, 1, 1, 1, 1, -1, 1, 1, 1, 1, 1, 1, 1, 1, 1, 1, 1, 1, 1, 1, 1, 0, -1, -1, -1, -1]
Stats: total_clusters=2, target_cluster_size=23, smallest_cluster_size=22, outliers=10, changed_cluster_points=29

Timestamp: 93
Points: [(3.23, 3.11, 1.16), (3.9, 3.4, 1.32), (3.67, 3.57, 0.82), (3.92, 3.43, 1.08), (3.75, 3.47, 1.12), (3.49, 3.61, 0.71), (3.63, 3.46, 1.17), (4.69, 3.7, 2.88), (4.47, 2.99, 2.95), (4.22, 3.61, 3.93), (4.85, 2.93, 2.77), (4.23, 3.08, 3.14), (4.69, 3.22, 3.16), (4.69, 3.82, 3.27), (4.72, 3.6, 2.92), (4.38, 3.21, 3.67), (4.18, 3.89, 2.79), (4.85, 3.9, 3.57), (4.31, 3.66, 3.04), (4.36, 3.62, 3.47), (4.44, 3.71, 2.95), (4.31, 3.51, 3.14), (4.82, 3.23, 3.87), (4.08, 3.68, 3.14), (4.43, 3.55, 3.43), (4.87, 3.54, 3.32), (4.22, 3.55, 3.34), (3.94, 3.63, 3.17), (2.06, 1.54, 4.06), (1.52, 1.7, 4.09), (1.16, 1.59, 4.31), (1.96, 1.49, 4.01), (1.94, 1.08, 4.06), (0.93, 1.79, 3.76), (1.59, 1.29, 3.88), (1.71, 1.75, 4.35), (1.63, 0.9, 4.35), (1.1, 1.34, 3.72), (1.62, 1.04, 3.43), (1.61, 1.2, 4.36), (1.42, 1.12, 4.48), (1.78, 2.43, 3.22), (3.74, 3.15, 3.38)]
Labels: [-1, 0, 0, 0, 0, 0, 0, 1, 1, 1, -1, 1, 1, 1, 1, 1, 1, 1, 1, 1, 1, 1, -1, 1, 1, 1, 1, 1, 2, 2, 2, 2, 2, -1, 2, 2, 2, -1, -1, 2, 2, -1, -1]
Stats: total_clusters=3, target_cluster_size=19, smallest_cluster_size=6, outliers=8, changed_cluster_points=41

Timestamp: 94
Points: [(3.8, 3.34, 1.32), (4.87, 3.72, 3.24), (4.34, 2.99, 3.27), (4.9, 3.61, 3.08), (1.74, 1.46, 4.51), (2.01, 1.82, 4.19), (1.12, 1.72, 4.05), (1.79, 1.66, 4.08), (2.52, 1.46, 4.25), (1.41, 1.76, 4.25), (1.7, 2.07, 3.61), (1.4, 1.56, 4.23), (1.64, 1.94, 3.69), (1.18, 1.59, 3.9), (1.77, 1.48, 3.8), (1.55, 1.5, 3.82), (1.5, 1.35, 4.22), (1.64, 2.28, 3.98), (1.38, 2.42, 4.07), (1.92, 1.69, 4.14), (1.76, 1.1, 4.05), (1.11, 1.43, 3.67), (1.7, 1.6, 4.09), (1.68, 1.27, 3.83), (1.9, 1.86, 3.52), (1.04, 1.23, 4.29), (2.0, 1.16, 4.03), (2.22, 1.63, 4.42), (1.92, 1.17, 3.86), (1.59, 1.52, 4.24), (1.72, 0.46, 3.46), (0.81, 1.55, 4.01), (1.67, 1.15, 4.16), (1.83, 1.05, 3.41), (1.58, 2.11, 4.52), (1.77, 1.23, 4.23), (1.42, 1.22, 3.17), (1.61, 1.27, 3.96), (0.77, 1.55, 3.07), (4.75, 3.7, 2.88)]
Labels: [-1, -1, -1, -1, 0, 0, 0, 0, -1, 0, 0, 0, 0, 0, 0, 0, 0, 0, -1, 0, 0, 0, 0, 0, 0, 0, 0, 0, 0, 0, -1, 0, 0, 0, 0, 0, -1, 0, -1, -1]
Stats: total_clusters=1, target_cluster_size=30, smallest_cluster_size=30, outliers=10, changed_cluster_points=37

Timestamp: 95
Points: [(3.81, 3.42, 1.21), (3.57, 3.81, 0.87), (3.72, 3.45, 1.03), (3.32, 3.39, 1.15), (4.13, 3.39, 0.92), (4.06, 3.87, 1.03), (3.83, 3.73, 0.73), (3.89, 4.02, 1.12), (4.07, 3.34, 1.16), (4.18, 3.04, 0.99), (4.8, 3.66, 3.1), (5.11, 3.74, 3.04), (4.99, 4.1, 3.59), (4.57, 3.57, 2.93), (4.77, 4.01, 3.42), (5.22, 3.1, 3.29), (4.94, 3.5, 2.91), (4.33, 3.71, 2.88), (5.13, 3.83, 3.19), (4.67, 4.0, 3.65), (4.41, 3.46, 3.14), (4.51, 3.14, 3.0), (1.28, 1.06, 4.11), (1.48, 1.7, 3.61), (1.75, 1.53, 3.77), (2.08, 1.52, 3.77), (1.62, 1.15, 3.9), (2.23, 0.86, 3.77), (1.47, 1.35, 3.78), (2.12, 1.29, 4.1), (1.31, 1.62, 4.29), (1.5, 1.28, 3.91), (1.71, 1.78, 4.05), (1.5, 1.93, 3.74), (1.38, 2.11, 3.92), (1.75, 1.17, 4.31), (1.12, 1.05, 4.27), (1.4, 1.4, 4.11), (1.42, 1.11, 3.76), (1.18, 1.89, 4.38), (1.23, 1.63, 3.86), (2.03, 2.31, 4.21), (1.94, 1.8, 3.63), (5.67, 6.18, 3.95), (3.16, 0.54, 4.03), (7.53, 2.39, -0.54)]
Labels: [0, 0, 0, 0, 0, 0, 0, 0, 0, 0, 1, 1, 1, 1, 1, -1, 1, 1, 1, 1, 1, 1, 2, 2, 2, 2, 2, -1, 2, 2, 2, 2, 2, 2, 2, 2, 2, 2, 2, 2, 2, -1, 2, -1, -1, -1]
Stats: total_clusters=3, target_cluster_size=19, smallest_cluster_size=10, outliers=6, changed_cluster_points=42

Timestamp: 96
Points: [(4.12, 3.7, 1.33), (3.67, 3.38, 1.01), (4.11, 3.83, 0.58), (3.81, 3.36, 0.65), (3.77, 3.53, 0.93), (3.5, 4.15, 1.07), (3.92, 3.15, 1.07), (3.85, 2.96, 0.74), (4.09, 3.91, 1.1), (5.06, 3.66, 3.23), (5.05, 4.2, 3.65), (4.4, 3.68, 3.34), (4.65, 3.82, 3.51), (5.03, 4.21, 3.16), (1.0, 1.61, 4.64), (1.31, 1.72, 4.22), (1.54, 1.48, 3.66), (0.67, 1.09, 3.84), (1.86, 1.44, 3.8), (1.16, 1.71, 4.46), (1.85, 1.69, 3.46), (1.35, 2.16, 4.37), (0.94, 1.46, 4.11), (1.21, 0.67, 4.02), (1.2, 1.21, 3.86), (1.43, 1.48, 3.67), (1.4, 0.86, 4.09), (0.47, 1.38, 4.3), (1.1, 1.73, 4.39), (0.32, 1.43, 2.97), (1.43, 1.48, 3.11), (2.15, 1.58, 3.68), (1.99, 0.85, 3.55), (0.67, 2.11, 4.1), (1.7, 1.59, 4.18), (1.5, 1.57, 4.02), (1.26, 1.46, 4.08), (1.51, 0.96, 3.51), (1.85, 1.37, 4.19), (1.09, 0.96, 3.69), (1.4, 1.25, 4.43), (4.19, 3.6, 1.9)]
Labels: [-1, 0, -1, 0, 0, -1, 0, 0, -1, -1, -1, -1, -1, -1, 1, 1, 1, 1, 1, 1, 1, 1, 1, 1, 1, 1, 1, -1, 1, -1, -1, 1, -1, -1, 1, 1, 1, 1, 1, 1, 1, -1]
Stats: total_clusters=2, target_cluster_size=22, smallest_cluster_size=5, outliers=15, changed_cluster_points=36

Timestamp: 97
Points: [(4.34, 3.76, 0.77), (4.17, 3.16, 1.1), (3.93, 3.87, 1.07), (3.53, 3.71, 0.88), (3.79, 3.46, 0.84), (4.36, 3.66, 0.7), (3.73, 3.13, 1.23), (3.9, 3.21, 1.38), (4.91, 3.78, 3.32), (4.35, 3.9, 3.15), (5.02, 3.92, 3.26), (4.72, 4.23, 2.87), (4.59, 4.07, 3.72), (4.72, 3.52, 3.07), (0.92, 2.19, 3.96), (1.58, 1.65, 4.53), (1.27, 1.37, 4.3), (0.79, 2.01, 4.62), (1.5, 1.16, 4.31), (1.35, 1.54, 4.09), (1.19, 1.61, 3.5), (0.65, 1.62, 4.37), (1.24, 1.29, 4.24), (1.41, 1.29, 4.12), (1.42, 1.05, 3.97), (1.48, 1.3, 4.33), (1.59, 1.39, 4.06), (1.29, 1.41, 3.94), (0.8, 1.5, 4.12), (2.28, 1.64, 3.78), (0.84, 1.12, 3.83), (1.25, 1.41, 3.87), (1.34, 1.34, 4.02), (1.1, 1.05, 3.93), (1.57, 1.1, 3.81), (1.37, 1.43, 4.27), (1.75, 1.57, 4.43), (1.29, 1.78, 3.8), (1.52, 1.71, 4.03), (1.08, 0.9, 4.2), (1.32, 1.42, 4.53), (1.09, 1.75, 3.75), (1.36, 1.11, 3.75), (3.47, 3.1, 1.98), (6.25, 6.61, -0.38), (4.88, -0.85, -1.63)]
Labels: [-1, -1, -1, -1, -1, -1, -1, -1, -1, -1, -1, -1, -1, -1, -1, 0, 0, -1, 0, 0, 0, -1, 0, 0, 0, 0, 0, 0, -1, -1, 0, 0, 0, 0, 0, 0, 0, 0, 0, 0, 0, 0, 0, -1, -1, -1]
Stats: total_clusters=1, target_cluster_size=24, smallest_cluster_size=24, outliers=22, changed_cluster_points=33

Timestamp: 98
Points: [(3.63, 3.3, 1.16), (3.95, 3.62, 0.91), (3.97, 3.7, 0.97), (3.8, 3.01, 1.11), (3.73, 3.33, 0.71), (3.87, 3.99, 1.07), (3.77, 3.35, 0.62), (4.46, 3.37, 3.37), (4.93, 3.78, 3.4), (4.57, 3.41, 2.94), (4.44, 3.87, 3.89), (4.48, 3.66, 3.35), (4.71, 3.86, 3.11), (4.59, 3.7, 3.38), (5.18, 3.87, 3.21), (5.05, 4.06, 3.19), (4.75, 3.63, 3.53), (4.82, 3.34, 3.41), (5.24, 4.23, 3.14), (4.59, 4.33, 3.75), (4.94, 3.24, 3.1), (4.47, 4.3, 2.83), (5.34, 3.73, 2.93), (5.09, 3.95, 2.9), (4.79, 4.17, 3.16), (5.3, 3.53, 2.8), (4.81, 3.32, 3.32), (4.8, 3.53, 3.85), (4.8, 4.02, 3.56), (5.33, 3.39, 2.76), (5.31, 3.93, 3.32), (4.76, 3.66, 3.54), (4.36, 3.9, 3.59), (5.02, 3.74, 3.28), (5.18, 3.93, 3.81), (4.27, 4.03, 3.04), (4.78, 4.17, 2.98), (5.43, 4.09, 3.46), (4.52, 3.7, 3.18), (4.43, 4.09, 3.16), (4.74, 3.72, 3.22), (4.96, 3.57, 3.59), (4.62, 3.75, 2.89), (5.12, 4.16, 3.5), (1.43, 1.48, 3.49), (0.89, 1.75, 3.97), (0.89, 1.0, 4.26), (1.67, 0.95, 4.09), (1.5, 1.29, 4.47), (1.25, 0.89, 3.97), (1.85, 1.37, 3.67), (1.59, 1.58, 4.04), (1.94, 1.98, 3.3), (-1.25, -1.08, 3.49)]
Labels: [-1, 0, 0, -1, 0, 0, 0, 1, 1, 1, 1, 1, 1, 1, 1, 1, 1, 1, 1, 1, 1, 1, 1, 1, 1, 1, 1, 1, 1, 1, 1, 1, 1, 1, 1, 1, 1, 1, 1, 1, 1, 1, 1, 1, -1, -1, -1, -1, -1, -1, -1, -1, -1, -1]
Stats: total_clusters=2, target_cluster_size=37, smallest_cluster_size=5, outliers=12, changed_cluster_points=51

Timestamp: 99
Points: [(4.22, 3.73, 0.85), (4.27, 3.31, 1.33), (3.87, 3.56, 1.21), (4.07, 3.75, 0.6), (3.84, 3.5, 0.78), (4.18, 3.35, 0.78), (4.18, 3.22, 0.72), (4.07, 3.82, 1.01), (3.54, 3.65, 0.82), (4.22, 3.38, 1.25), (3.84, 3.31, 0.49), (3.78, 3.52, 0.99), (4.09, 3.79, 0.97), (3.96, 3.76, 1.02), (3.71, 3.35, 0.43), (3.71, 3.06, 1.05), (4.24, 3.24, 0.74), (4.18, 3.37, 1.03), (4.13, 3.3, 0.79), (3.81, 3.09, 1.09), (4.09, 3.5, 1.31), (3.88, 3.63, 1.09), (3.74, 3.77, 1.0), (4.19, 3.15, 0.99), (3.83, 3.27, 1.32), (4.88, 3.34, 3.15), (5.11, 3.53, 3.01), (4.78, 3.92, 3.08), (4.94, 3.79, 3.35), (4.1, 3.79, 3.22), (1.45, 1.27, 3.94), (1.5, 2.01, 3.6), (1.5, 1.93, 4.31), (1.72, 1.31, 4.5), (1.06, 1.52, 3.89), (1.16, 0.9, 3.38), (1.73, 0.87, 4.15), (0.86, 1.2, 4.31), (1.37, 1.46, 4.47), (1.22, 1.93, 3.69), (0.9, 1.45, 4.07), (1.02, 1.4, 4.54), (1.18, 0.82, 3.46), (2.05, 2.01, 3.91), (1.6, 1.59, 4.51), (0.94, 1.13, 4.53), (0.79, 1.52, 4.05), (1.59, 1.55, 4.02), (1.18, 1.15, 4.01), (1.72, 1.4, 4.56), (1.57, 1.67, 4.01), (1.1, 2.09, 4.34), (1.27, 2.09, 4.29), (0.82, 1.35, 4.32), (1.84, 2.33, 4.08), (1.53, 1.29, 3.76), (4.21, 3.78, 2.37), (3.41, 2.76, -1.65)]
Labels: [0, 0, 0, 0, 0, 0, 0, 0, 0, 0, 0, 0, 0, 0, 0, 0, 0, 0, 0, 0, 0, 0, 0, 0, 0, -1, -1, -1, -1, -1, 1, -1, 1, 1, 1, -1, -1, 1, 1, 1, 1, 1, -1, -1, 1, 1, 1, 1, 1, 1, 1, 1, 1, 1, -1, 1, -1, -1]
Stats: total_clusters=2, target_cluster_size=25, smallest_cluster_size=20, outliers=13, changed_cluster_points=32

Timestamp: 100
Points: [(3.66, 3.57, 0.92), (4.06, 3.61, 0.48), (3.85, 3.58, 1.17), (3.88, 3.03, 1.28), (4.18, 3.52, 0.85), (5.05, 3.68, 3.57), (5.4, 3.67, 3.55), (4.67, 4.13, 3.24), (5.3, 3.73, 3.04), (1.15, 1.42, 4.18), (1.15, 1.59, 4.19), (1.12, 1.62, 3.89), (1.96, 1.61, 4.31), (1.2, 1.25, 4.39), (1.38, 0.59, 4.77), (1.52, 1.37, 4.31), (1.41, 1.67, 3.79), (1.29, 1.61, 4.53), (1.3, 1.65, 3.78), (1.29, 1.8, 3.86), (1.13, 1.16, 3.62), (0.96, 1.7, 4.01), (0.96, 2.26, 3.85), (1.48, 1.62, 4.19), (0.62, 1.94, 4.21), (1.59, 1.9, 4.7), (0.92, 1.25, 3.9), (0.96, 1.96, 3.75), (1.13, 0.93, 4.36), (1.22, 1.81, 4.34), (0.69, 1.57, 3.72), (1.31, 1.3, 4.74), (2.2, 1.41, 4.13), (0.47, 0.92, 4.23), (1.25, 1.65, 3.82), (1.37, 0.61, 3.89), (1.43, 2.09, 4.06), (1.47, 1.27, 4.25), (1.09, 2.18, 3.98), (1.21, 1.77, 4.27), (1.14, 1.64, 3.73), (3.02, 2.79, 1.89), (-0.21, 5.14, 1.23)]
Labels: [-1, -1, -1, -1, -1, -1, -1, -1, -1, 0, 0, 0, 0, 0, -1, 0, 0, 0, 0, 0, 0, 0, 0, 0, 0, 0, 0, 0, 0, 0, 0, 0, -1, -1, 0, -1, 0, 0, 0, 0, 0, -1, -1]
Stats: total_clusters=1, target_cluster_size=28, smallest_cluster_size=28, outliers=15, changed_cluster_points=38


Timing:
Time per timestamp 1: 0.002653 sec
Time per timestamp 2: 0.001504 sec
Time per timestamp 3: 0.001331 sec
Time per timestamp 4: 0.002618 sec
Time per timestamp 5: 0.002114 sec
Time per timestamp 6: 0.012625 sec
Time per timestamp 7: 0.022733 sec
Time per timestamp 8: 0.004899 sec
Time per timestamp 9: 0.003362 sec
Time per timestamp 10: 0.003786 sec
Time per timestamp 11: 0.002527 sec
Time per timestamp 12: 0.006578 sec
Time per timestamp 13: 0.006725 sec
Time per timestamp 14: 0.005494 sec
Time per timestamp 15: 0.005953 sec
Time per timestamp 16: 0.006182 sec
Time per timestamp 17: 0.004723 sec
Time per timestamp 18: 0.002428 sec
Time per timestamp 19: 0.004305 sec
Time per timestamp 20: 0.005621 sec
Time per timestamp 21: 0.001974 sec
Time per timestamp 22: 0.003237 sec
Time per timestamp 23: 0.001875 sec
Time per timestamp 24: 0.002273 sec
Time per timestamp 25: 0.003812 sec
Time per timestamp 26: 0.002203 sec
Time per timestamp 27: 0.001995 sec
Time per timestamp 28: 0.001481 sec
Time per timestamp 29: 0.001926 sec
Time per timestamp 30: 0.002052 sec
Time per timestamp 31: 0.002907 sec
Time per timestamp 32: 0.003516 sec
Time per timestamp 33: 0.001936 sec
Time per timestamp 34: 0.002035 sec
Time per timestamp 35: 0.001646 sec
Time per timestamp 36: 0.001832 sec
Time per timestamp 37: 0.002365 sec
Time per timestamp 38: 0.003595 sec
Time per timestamp 39: 0.003449 sec
Time per timestamp 40: 0.002632 sec
Time per timestamp 41: 0.001410 sec
Time per timestamp 42: 0.001617 sec
Time per timestamp 43: 0.002113 sec
Time per timestamp 44: 0.001883 sec
Time per timestamp 45: 0.002444 sec
Time per timestamp 46: 0.005043 sec
Time per timestamp 47: 0.001820 sec
Time per timestamp 48: 0.001753 sec
Time per timestamp 49: 0.001402 sec
Time per timestamp 50: 0.001517 sec
Time per timestamp 51: 0.001372 sec
Time per timestamp 52: 0.001671 sec
Time per timestamp 53: 0.003571 sec
Time per timestamp 54: 0.003082 sec
Time per timestamp 55: 0.001438 sec
Time per timestamp 56: 0.001576 sec
Time per timestamp 57: 0.001629 sec
Time per timestamp 58: 0.002022 sec
Time per timestamp 59: 0.001372 sec
Time per timestamp 60: 0.001562 sec
Time per timestamp 61: 0.005578 sec
Time per timestamp 62: 0.001877 sec
Time per timestamp 63: 0.001616 sec
Time per timestamp 64: 0.001630 sec
Time per timestamp 65: 0.001728 sec
Time per timestamp 66: 0.001817 sec
Time per timestamp 67: 0.001558 sec
Time per timestamp 68: 0.003328 sec
Time per timestamp 69: 0.003422 sec
Time per timestamp 70: 0.001647 sec
Time per timestamp 71: 0.001383 sec
Time per timestamp 72: 0.002091 sec
Time per timestamp 73: 0.002044 sec
Time per timestamp 74: 0.001960 sec
Time per timestamp 75: 0.004124 sec
Time per timestamp 76: 0.002717 sec
Time per timestamp 77: 0.001488 sec
Time per timestamp 78: 0.001328 sec
Time per timestamp 79: 0.001842 sec
Time per timestamp 80: 0.001729 sec
Time per timestamp 81: 0.001305 sec
Time per timestamp 82: 0.001542 sec
Time per timestamp 83: 0.003041 sec
Time per timestamp 84: 0.003740 sec
Time per timestamp 85: 0.001606 sec
Time per timestamp 86: 0.001934 sec
Time per timestamp 87: 0.001551 sec
Time per timestamp 88: 0.001570 sec
Time per timestamp 89: 0.001409 sec
Time per timestamp 90: 0.001462 sec
Time per timestamp 91: 0.004308 sec
Time per timestamp 92: 0.003288 sec
Time per timestamp 93: 0.001673 sec
Time per timestamp 94: 0.001317 sec
Time per timestamp 95: 0.001791 sec
Time per timestamp 96: 0.001356 sec
Time per timestamp 97: 0.001595 sec
Time per timestamp 98: 0.001652 sec
Time per timestamp 99: 0.004859 sec
Time per timestamp 100: 0.002065 sec
Total time: 0.302735 sec

